Couqley Gemayzeh,,,,,,,,,,,,,,,
Complete Report,,,,,,,,,,,,,,,
,,,,,,To Date: 31-Jan-2026,,,,,,,,,
14-Feb-26,,,From Date: 01-Jan-2026,,,,,,,,,,Page 1 of, 41,
Summary Of Sales by Items,,,,,,,,,,,,,,,
Description,Qty,Mode 1,,Qty,Mode 2,,Qty,Mode 3,Qty,Mode 4,Qty,Total Amount,,,%
Branch: Couqley Gemayzeh,,,,,,,,,,,,,,,
Division: Alcoholic Beverages,,,,,,,,,,,,,,,
Group: Apero,,,,,,,,,,,,,,,
ALMAZA AP,2.00,6.31,,0.00,0.00,,0.00,0.00,0.00,0.00,2.00,6.31,,,11.47
Carafe Bordeaux Superieur AP,2.00,27.03,,0.00,0.00,,0.00,0.00,0.00,0.00,2.00,27.03,,,49.18
Margarita AP,4.00,21.62,,0.00,0.00,,0.00,0.00,0.00,0.00,4.00,21.62,,,39.34
Apero,8.00,54.96,,0.00,0.00,,0.00,0.00,0.00,0.00,8.00,54.96,,,100.00
Group: Beers,,,,,,,,,,,,,,,
Almaza,43.00,193.70,,0.00,0.00,,0.00,0.00,0.00,0.00,43.00,193.70,,,54.78
Almaza Light,12.00,54.06,,0.00,0.00,,0.00,0.00,0.00,0.00,12.00,54.06,,,15.29
Draft Elmir IPA,1.00,7.66,,0.00,0.00,,0.00,0.00,0.00,0.00,1.00,7.66,,,2.17
Elmir IPA,10.00,76.58,,0.00,0.00,,0.00,0.00,0.00,0.00,10.00,76.58,,,21.66
Elmir Pilsner,4.00,21.62,,0.00,0.00,,0.00,0.00,0.00,0.00,4.00,21.62,,,6.11
Beers,70.00,353.62,,0.00,0.00,,0.00,0.00,0.00,0.00,70.00,353.62,,,86.55
Group: Cocktails,,,,,,,,,,,,,,,
Amaretto Sour,2.00,19.82,,0.00,0.00,,0.00,0.00,0.00,0.00,2.00,19.82,,,2.14
Aperol De Provence,2.00,23.42,,0.00,0.00,,0.00,0.00,0.00,0.00,2.00,23.42,,,2.52
Bloody Mary Vodka,5.00,49.55,,0.00,0.00,,0.00,0.00,0.00,0.00,5.00,49.55,,,5.34
Boulevardier,2.00,16.22,,0.00,0.00,,0.00,0.00,0.00,0.00,2.00,16.22,,,1.75
Cosmopolitan,2.00,19.82,,0.00,0.00,,0.00,0.00,0.00,0.00,2.00,19.82,,,2.14
,,,,,,To Date: 31-Jan-2026,,,,,,,,,
14-Feb-26,,,From Date: 01-Jan-2026,,,,,,,,,,Page 2 of, 41,
Summary Of Sales by Items,,,,,,,,,,,,,,,
Description,Qty,Mode 1,,Qty,Mode 2,,Qty,Mode 3,Qty,Mode 4,Qty,Total Amount,,,%
French 75,2.00,16.22,,0.00,0.00,,0.00,0.00,0.00,0.00,2.00,16.22,,,1.75
Gin Basil,22.00,218.02,,0.00,0.00,,0.00,0.00,0.00,0.00,22.00,218.02,,,23.50
Gin Martini,1.00,9.91,,0.00,0.00,,0.00,0.00,0.00,0.00,1.00,9.91,,,1.07
Granny Smith Vodka,1.00,9.91,,0.00,0.00,,0.00,0.00,0.00,0.00,1.00,9.91,,,1.07
Hugo,4.00,46.85,,0.00,0.00,,0.00,0.00,0.00,0.00,4.00,46.85,,,5.05
Margarita,11.00,109.01,,0.00,0.00,,0.00,0.00,0.00,0.00,11.00,109.01,,,11.75
Mojito Rum,1.00,9.91,,0.00,0.00,,0.00,0.00,0.00,0.00,1.00,9.91,,,1.07
Mules,2.00,19.82,,0.00,0.00,,0.00,0.00,0.00,0.00,2.00,19.82,,,2.14
Negroni,3.00,24.32,,0.00,0.00,,0.00,0.00,0.00,0.00,3.00,24.32,,,2.62
Not A Negroni,2.00,23.42,,0.00,0.00,,0.00,0.00,0.00,0.00,2.00,23.42,,,2.52
Off the menu Cocktail,3.00,27.03,,0.00,0.00,,0.00,0.00,0.00,0.00,3.00,27.03,,,2.91
Old Fashioned,2.00,21.62,,0.00,0.00,,0.00,0.00,0.00,0.00,2.00,21.62,,,2.33
Paloma Tequila,5.00,54.05,,0.00,0.00,,0.00,0.00,0.00,0.00,5.00,54.05,,,5.83
Passion Fruit Martini,8.00,86.49,,0.00,0.00,,0.00,0.00,0.00,0.00,8.00,86.49,,,9.32
Rusty Nail,2.00,16.22,,0.00,0.00,,0.00,0.00,0.00,0.00,2.00,16.22,,,1.75
Spritz,6.00,70.27,,0.00,0.00,,0.00,0.00,0.00,0.00,6.00,70.27,,,7.57
Tipperary 1916,4.00,36.04,,0.00,0.00,,0.00,0.00,0.00,0.00,4.00,36.04,,,3.88
Cocktails,92.00,927.94,,0.00,0.00,,0.00,0.00,0.00,0.00,92.00,927.94,,,69.43
Group: Gin/Vodka,,,,,,,,,,,,,,,
Gordans Gls,0.00,0.00,,0.00,0.00,,0.00,0.00,0.00,0.00,0.00,0.00,,,0.00
Grey Goose Gls,8.00,129.73,,0.00,0.00,,0.00,0.00,0.00,0.00,8.00,129.73,,,36.27
Hendrick's Gls,12.00,129.73,,0.00,0.00,,0.00,0.00,0.00,0.00,12.00,129.73,,,36.27
Ketel One Gls,1.00,9.91,,0.00,0.00,,0.00,0.00,0.00,0.00,1.00,9.91,,,2.77
,,,,,,To Date: 31-Jan-2026,,,,,,,,,
14-Feb-26,,,From Date: 01-Jan-2026,,,,,,,,,,Page 3 of, 41,
Summary Of Sales by Items,,,,,,,,,,,,,,,
Description,Qty,Mode 1,,Qty,Mode 2,,Qty,Mode 3,Qty,Mode 4,Qty,Total Amount,,,%
Monkey 47 Gls,4.50,81.08,,0.00,0.00,,0.00,0.00,0.00,0.00,4.50,81.08,,,22.67
Russian Standard Gls,1.00,7.21,,0.00,0.00,,0.00,0.00,0.00,0.00,1.00,7.21,,,2.02
Gin/Vodka,26.50,357.66,,0.00,0.00,,0.00,0.00,0.00,0.00,26.50,357.66,,,21.11
Group: Spirits/Digestif,,,,,,,,,,,,,,,
Arak Gls,2.00,9.01,,0.00,0.00,,0.00,0.00,0.00,0.00,2.00,9.01,,,11.30
Armagnac,1.00,12.61,,0.00,0.00,,0.00,0.00,0.00,0.00,1.00,12.61,,,15.82
Fernet Shot,2.00,14.41,,0.00,0.00,,0.00,0.00,0.00,0.00,2.00,14.41,,,18.08
Goldschlager Shot,1.00,3.60,,0.00,0.00,,0.00,0.00,0.00,0.00,1.00,3.60,,,4.52
Ksara Eau De Vie Gls,4.00,36.04,,0.00,0.00,,0.00,0.00,0.00,0.00,4.00,36.04,,,45.20
Lemoncello Shot,1.00,4.05,,0.00,0.00,,0.00,0.00,0.00,0.00,1.00,4.05,,,5.08
Spirits/Digestif,11.00,79.73,,0.00,0.00,,0.00,0.00,0.00,0.00,11.00,79.73,,,4.49
Group: Tequila,,,,,,,,,,,,,,,
1800 Cristalino Tequila Reserva Gls,5.00,67.57,,0.00,0.00,,0.00,0.00,0.00,0.00,5.00,67.57,,,24.12
Cenote Anejo Gls,0.00,0.00,,0.00,0.00,,0.00,0.00,0.00,0.00,0.00,0.00,,,0.00
Cenote Tequila Reposado Gls,1.50,24.32,,0.00,0.00,,0.00,0.00,0.00,0.00,1.50,24.32,,,8.68
Jose Cuervo Tequila Gold Reposado Gls,1.00,7.21,,0.00,0.00,,0.00,0.00,0.00,0.00,1.00,7.21,,,2.57
Jose Cuervo Tequila Shot,6.00,18.92,,0.00,0.00,,0.00,0.00,0.00,0.00,6.00,18.92,,,6.75
Mijenta Tequila Reposado Gls,10.00,162.16,,0.00,0.00,,0.00,0.00,0.00,0.00,10.00,162.16,,,57.88
Tequila,23.50,280.18,,0.00,0.00,,0.00,0.00,0.00,0.00,23.50,280.18,,,13.64
Group: Whiskey,,,,,,,,,,,,,,,
Black Label Gls,10.00,90.09,,0.00,0.00,,0.00,0.00,0.00,0.00,10.00,90.09,,,26.04
Chivas 12Y Gls,3.00,27.03,,0.00,0.00,,0.00,0.00,0.00,0.00,3.00,27.03,,,7.81
Glenfiddich 12 Gls,3.00,32.43,,0.00,0.00,,0.00,0.00,0.00,0.00,3.00,32.43,,,9.38
,,,,,,To Date: 31-Jan-2026,,,,,,,,,
14-Feb-26,,,From Date: 01-Jan-2026,,,,,,,,,,Page 4 of, 41,
Summary Of Sales by Items,,,,,,,,,,,,,,,
Description,Qty,Mode 1,,Qty,Mode 2,,Qty,Mode 3,Qty,Mode 4,Qty,Total Amount,,,%
Jameson Gls,4.00,28.83,,0.00,0.00,,0.00,0.00,0.00,0.00,4.00,28.83,,,8.33
Laphroaig Gls,2.00,25.23,,0.00,0.00,,0.00,0.00,0.00,0.00,2.00,25.23,,,7.29
Macallan 12 Gls,5.00,99.10,,0.00,0.00,,0.00,0.00,0.00,0.00,5.00,99.10,,,28.65
Old Parr Gls,4.00,43.24,,0.00,0.00,,0.00,0.00,0.00,0.00,4.00,43.24,,,12.50
Whiskey,31.00,345.95,,0.00,0.00,,0.00,0.00,0.00,0.00,31.00,345.95,,,14.41
Alcoholic Beverages,262.00,"2,400.03",,0.00,0.00,,0.00,0.00,0.00,0.00,262.00,"2,400.03",,,100.00
Division: Food,,,,,,,,,,,,,,,
Group: Boeuf,,,,,,,,,,,,,,,
Bistro Burger,105.00,"1,797.29",,0.00,0.00,,0.00,0.00,0.00,0.00,105.00,"1,797.29",,,2.82
Cote De Boeuf N,31.00,"3,630.63",,0.00,0.00,,0.00,0.00,0.00,0.00,31.00,"3,630.63",,,5.69
Entrecote MB2,63.00,"2,951.36",,0.00,0.00,,0.00,0.00,0.00,0.00,63.00,"2,951.36",,,4.62
Filet De Boeuf Prime,134.00,"5,673.86",,0.00,0.00,,0.00,0.00,0.00,0.00,134.00,"5,673.86",,,8.89
Large Couqley Steak Frites,594.00,"19,532.49",,0.00,0.00,,0.00,0.00,0.00,0.00,594.00,"19,532.49",,,30.60
Large Mushroom Steak Frites,63.00,"2,213.51",,0.00,0.00,,0.00,0.00,0.00,0.00,63.00,"2,213.51",,,3.47
Regular Couqley Steak Frites,891.00,"22,546.75",,0.00,0.00,,0.00,0.00,0.00,0.00,891.00,"22,546.75",,,35.32
Regular Mushroom Steak Frites,120.00,"3,320.25",,0.00,0.00,,0.00,0.00,0.00,0.00,120.00,"3,320.25",,,5.20
Steak Tartare,57.00,"1,129.74",,0.00,0.00,,0.00,0.00,0.00,0.00,57.00,"1,129.74",,,1.77
Truffle Brie Burger,46.00,"1,036.06",,0.00,0.00,,0.00,0.00,0.00,0.00,46.00,"1,036.06",,,1.62
Boeuf,"2,104.00","63,831.93",,0.00,0.00,,0.00,0.00,0.00,0.00,"2,104.00","63,831.93",,,100.00
Group: Dessert,,,,,,,,,,,,,,,
Creme Brulee,85.00,612.60,,0.00,0.00,,0.00,0.00,0.00,0.00,85.00,612.60,,,12.99
Fondant Au Chocolat,80.00,684.72,,0.00,0.00,,0.00,0.00,0.00,0.00,80.00,684.72,,,14.52
Pain Perdu,308.00,"3,052.28",,0.00,0.00,,0.00,0.00,0.00,0.00,308.00,"3,052.28",,,64.72
,,,,,,To Date: 31-Jan-2026,,,,,,,,,
14-Feb-26,,,From Date: 01-Jan-2026,,,,,,,,,,Page 5 of, 41,
Summary Of Sales by Items,,,,,,,,,,,,,,,
Description,Qty,Mode 1,,Qty,Mode 2,,Qty,Mode 3,Qty,Mode 4,Qty,Total Amount,,,%
Sorbets And Ice Cream,50.00,135.14,,0.00,0.00,,0.00,0.00,0.00,0.00,50.00,135.14,,,2.87
Tarte Du Jour,27.00,231.09,,0.00,0.00,,0.00,0.00,0.00,0.00,27.00,231.09,,,4.90
Dessert,550.00,"4,715.82",,0.00,0.00,,0.00,0.00,0.00,0.00,550.00,"4,715.82",,,6.88
Group: Formulas,,,,,,,,,,,,,,,
Baron Carafe MONDAY,7.00,0.00,,0.00,0.00,,0.00,0.00,0.00,0.00,7.00,0.00,,,0.00
Extra Large Portion,46.00,310.82,,0.00,0.00,,0.00,0.00,0.00,0.00,46.00,310.82,,,11.62
Fondant Au Chocolat MONDAY Formula,4.00,0.00,,0.00,0.00,,0.00,0.00,0.00,0.00,4.00,0.00,,,0.00
Pain Perdu MONDAY Formula,10.00,0.00,,0.00,0.00,,0.00,0.00,0.00,0.00,10.00,0.00,,,0.00
Petit Couvent Carafe MONDAY,1.00,0.00,,0.00,0.00,,0.00,0.00,0.00,0.00,1.00,0.00,,,0.00
Set Menu 60$,26.00,"1,405.40",,0.00,0.00,,0.00,0.00,0.00,0.00,26.00,"1,405.40",,,52.54
Steak Frites Monday's Formula,14.00,832.43,,0.00,0.00,,0.00,0.00,0.00,0.00,14.00,832.43,,,31.12
Toters Bundle,2.00,126.13,,0.00,0.00,,0.00,0.00,0.00,0.00,2.00,126.13,,,4.72
Formulas,110.00,"2,674.78",,0.00,0.00,,0.00,0.00,0.00,0.00,110.00,"2,674.78",,,3.76
Group: Kids Menu,,,,,,,,,,,,,,,
Crispy Chicken Strips,20.00,180.18,,0.00,0.00,,0.00,0.00,0.00,0.00,20.00,180.18,,,26.36
Free Scoop Of Ice Cream,19.00,0.00,,0.00,0.00,,0.00,0.00,0.00,0.00,19.00,0.00,,,0.00
Kids Bistro Burger,8.00,111.71,,0.00,0.00,,0.00,0.00,0.00,0.00,8.00,111.71,,,16.34
Kids Couqley’s Steak Frites,22.00,297.30,,0.00,0.00,,0.00,0.00,0.00,0.00,22.00,297.30,,,43.49
Kids Penne Arrabbiata,1.00,6.08,,0.00,0.00,,0.00,0.00,0.00,0.00,1.00,6.08,,,0.89
Kids Poulet Frites,4.00,43.24,,0.00,0.00,,0.00,0.00,0.00,0.00,4.00,43.24,,,6.33
Kids Tagliatelle Au Poulet,4.00,45.04,,0.00,0.00,,0.00,0.00,0.00,0.00,4.00,45.04,,,6.59
Kids Menu,78.00,683.57,,0.00,0.00,,0.00,0.00,0.00,0.00,78.00,683.57,,,0.95
Group: Ladies Night,,,,,,,,,,,,,,,
,,,,,,To Date: 31-Jan-2026,,,,,,,,,
14-Feb-26,,,From Date: 01-Jan-2026,,,,,,,,,,Page 6 of, 41,
Summary Of Sales by Items,,,,,,,,,,,,,,,
Description,Qty,Mode 1,,Qty,Mode 2,,Qty,Mode 3,Qty,Mode 4,Qty,Total Amount,,,%
Couqley Steak Regular  Frites OH,22.00,634.24,,0.00,0.00,,0.00,0.00,0.00,0.00,22.00,634.24,,,78.57
Fish And Chips OH,1.00,28.83,,0.00,0.00,,0.00,0.00,0.00,0.00,1.00,28.83,,,3.57
Pave De Saumon OH,1.00,28.83,,0.00,0.00,,0.00,0.00,0.00,0.00,1.00,28.83,,,3.57
Poulet Frites OH,2.00,57.66,,0.00,0.00,,0.00,0.00,0.00,0.00,2.00,57.66,,,7.14
Regular Mushroom Steak Frites OH,1.00,28.83,,0.00,0.00,,0.00,0.00,0.00,0.00,1.00,28.83,,,3.57
Truffle Brie Burger OH,1.00,28.83,,0.00,0.00,,0.00,0.00,0.00,0.00,1.00,28.83,,,3.57
Ladies Night,28.00,807.21,,0.00,0.00,,0.00,0.00,0.00,0.00,28.00,807.21,,,1.11
Group: Les Sauces,,,,,,,,,,,,,,,
Bearnaise Sauce,57.00,24.33,,0.00,0.00,,0.00,0.00,0.00,0.00,57.00,24.33,,,2.54
Bordelaise Sauce,1.00,0.00,,0.00,0.00,,0.00,0.00,0.00,0.00,1.00,0.00,,,0.00
Couqley Sauce (Steak Frite),394.00,716.26,,0.00,0.00,,0.00,0.00,0.00,0.00,394.00,716.26,,,74.65
Mushroom Sauce,108.00,137.85,,0.00,0.00,,0.00,0.00,0.00,0.00,108.00,137.85,,,14.37
Roquefort Sauce,12.00,24.33,,0.00,0.00,,0.00,0.00,0.00,0.00,12.00,24.33,,,2.54
Sauces Aux Herbes (Poulet Frites),29.00,56.76,,0.00,0.00,,0.00,0.00,0.00,0.00,29.00,56.76,,,5.92
Les Sauces,601.00,959.52,,0.00,0.00,,0.00,0.00,0.00,0.00,601.00,959.52,,,1.30
Group: Modifier,,,,,,,,,,,,,,,
Add Cheddar Cheese Slice,7.00,12.61,,0.00,0.00,,0.00,0.00,0.00,0.00,7.00,12.61,,,3.16
Add Grenadine,4.00,3.60,,0.00,0.00,,0.00,0.00,0.00,0.00,4.00,3.60,,,0.90
Add Mexican Beer,10.00,9.01,,0.00,0.00,,0.00,0.00,0.00,0.00,10.00,9.01,,,2.25
Add Truffle Mayo,1.00,3.60,,0.00,0.00,,0.00,0.00,0.00,0.00,1.00,3.60,,,0.90
Boule Chocolat,16.00,0.00,,0.00,0.00,,0.00,0.00,0.00,0.00,16.00,0.00,,,0.00
Boule Citron,20.00,0.00,,0.00,0.00,,0.00,0.00,0.00,0.00,20.00,0.00,,,0.00
Boule Fraise,12.00,0.00,,0.00,0.00,,0.00,0.00,0.00,0.00,12.00,0.00,,,0.00
,,,,,,To Date: 31-Jan-2026,,,,,,,,,
14-Feb-26,,,From Date: 01-Jan-2026,,,,,,,,,,Page 7 of, 41,
Summary Of Sales by Items,,,,,,,,,,,,,,,
Description,Qty,Mode 1,,Qty,Mode 2,,Qty,Mode 3,Qty,Mode 4,Qty,Total Amount,,,%
Boule Vanille,20.00,0.00,,0.00,0.00,,0.00,0.00,0.00,0.00,20.00,0.00,,,0.00
Crispy,50.00,0.00,,0.00,0.00,,0.00,0.00,0.00,0.00,50.00,0.00,,,0.00
Cuit,13.00,0.00,,0.00,0.00,,0.00,0.00,0.00,0.00,13.00,0.00,,,0.00
Cut in Half,49.00,0.00,,0.00,0.00,,0.00,0.00,0.00,0.00,49.00,0.00,,,0.00
Extra 1$,24.50,22.07,,0.00,0.00,,0.00,0.00,0.00,0.00,24.50,22.07,,,5.52
Extra Caesar Sauce,2.00,4.50,,0.00,0.00,,0.00,0.00,0.00,0.00,2.00,4.50,,,1.13
Extra Caramel,10.00,22.52,,0.00,0.00,,0.00,0.00,0.00,0.00,10.00,22.52,,,5.64
Extra Chevre Spring Rolls,9.00,32.43,,0.00,0.00,,0.00,0.00,0.00,0.00,9.00,32.43,,,8.12
Extra Chicken,28.00,100.91,,0.00,0.00,,0.00,0.00,0.00,0.00,28.00,100.91,,,25.26
Extra Fresh Goat Cheese,0.00,0.00,,0.00,0.00,,0.00,0.00,0.00,0.00,0.00,0.00,,,0.00
Extra Fries,78.00,0.00,,0.00,0.00,,0.00,0.00,0.00,0.00,78.00,0.00,,,0.00
Extra Full Chicken Breast,0.00,0.00,,0.00,0.00,,0.00,0.00,0.00,0.00,0.00,0.00,,,0.00
Extra Grilled Potatoes & Vegetables,7.00,0.00,,0.00,0.00,,0.00,0.00,0.00,0.00,7.00,0.00,,,0.00
Extra Parmesan,6.00,0.00,,0.00,0.00,,0.00,0.00,0.00,0.00,6.00,0.00,,,0.00
Extra Shrimp,5.00,27.03,,0.00,0.00,,0.00,0.00,0.00,0.00,5.00,27.03,,,6.76
Extra Side Salad,65.00,0.00,,0.00,0.00,,0.00,0.00,0.00,0.00,65.00,0.00,,,0.00
Extra Tagliatelle,13.00,105.40,,0.00,0.00,,0.00,0.00,0.00,0.00,13.00,105.40,,,26.38
Extra Tartare Sauce,4.00,0.00,,0.00,0.00,,0.00,0.00,0.00,0.00,4.00,0.00,,,0.00
Extra Truffle Oil,1.00,1.80,,0.00,0.00,,0.00,0.00,0.00,0.00,1.00,1.80,,,0.45
Extra Vegetables,30.00,54.06,,0.00,0.00,,0.00,0.00,0.00,0.00,30.00,54.06,,,13.53
Medium,515.00,0.00,,0.00,0.00,,0.00,0.00,0.00,0.00,515.00,0.00,,,0.00
Medium Rare,337.00,0.00,,0.00,0.00,,0.00,0.00,0.00,0.00,337.00,0.00,,,0.00
Medium Well,863.00,0.00,,0.00,0.00,,0.00,0.00,0.00,0.00,863.00,0.00,,,0.00
,,,,,,To Date: 31-Jan-2026,,,,,,,,,
14-Feb-26,,,From Date: 01-Jan-2026,,,,,,,,,,Page 8 of, 41,
Summary Of Sales by Items,,,,,,,,,,,,,,,
Description,Qty,Mode 1,,Qty,Mode 2,,Qty,Mode 3,Qty,Mode 4,Qty,Total Amount,,,%
Mi Cuit,16.00,0.00,,0.00,0.00,,0.00,0.00,0.00,0.00,16.00,0.00,,,0.00
No Cheddar Cheese,6.00,0.00,,0.00,0.00,,0.00,0.00,0.00,0.00,6.00,0.00,,,0.00
No Cocktail Sauce,5.00,0.00,,0.00,0.00,,0.00,0.00,0.00,0.00,5.00,0.00,,,0.00
No Frite,35.00,0.00,,0.00,0.00,,0.00,0.00,0.00,0.00,35.00,0.00,,,0.00
No Lettuce,3.00,0.00,,0.00,0.00,,0.00,0.00,0.00,0.00,3.00,0.00,,,0.00
No Onion,12.00,0.00,,0.00,0.00,,0.00,0.00,0.00,0.00,12.00,0.00,,,0.00
No Pickles,15.00,0.00,,0.00,0.00,,0.00,0.00,0.00,0.00,15.00,0.00,,,0.00
No Tomato,8.00,0.00,,0.00,0.00,,0.00,0.00,0.00,0.00,8.00,0.00,,,0.00
Normal,25.00,0.00,,0.00,0.00,,0.00,0.00,0.00,0.00,25.00,0.00,,,0.00
Not Spicy,14.00,0.00,,0.00,0.00,,0.00,0.00,0.00,0.00,14.00,0.00,,,0.00
Nuts,67.00,0.00,,0.00,0.00,,0.00,0.00,0.00,0.00,67.00,0.00,,,0.00
Rare,58.00,0.00,,0.00,0.00,,0.00,0.00,0.00,0.00,58.00,0.00,,,0.00
Replace with Rice,1.00,0.00,,0.00,0.00,,0.00,0.00,0.00,0.00,1.00,0.00,,,0.00
Sauce on the side,141.00,0.00,,0.00,0.00,,0.00,0.00,0.00,0.00,141.00,0.00,,,0.00
Spicy,40.00,0.00,,0.00,0.00,,0.00,0.00,0.00,0.00,40.00,0.00,,,0.00
Tarte aux Fraises,21.00,0.00,,0.00,0.00,,0.00,0.00,0.00,0.00,21.00,0.00,,,0.00
Tarte aux Noix,6.00,0.00,,0.00,0.00,,0.00,0.00,0.00,0.00,6.00,0.00,,,0.00
Well Done,233.00,0.00,,0.00,0.00,,0.00,0.00,0.00,0.00,233.00,0.00,,,0.00
Wet Wipes,187.00,0.00,,0.00,0.00,,0.00,0.00,0.00,0.00,187.00,0.00,,,0.00
White Sauce Only,2.00,0.00,,0.00,0.00,,0.00,0.00,0.00,0.00,2.00,0.00,,,0.00
Modifier,"3,094.50",399.56,,0.00,0.00,,0.00,0.00,0.00,0.00,"3,094.50",399.56,,,0.54
Group: Plats Principaux,,,,,,,,,,,,,,,
Crispy Chicken Burger,1.00,10.81,,0.00,0.00,,0.00,0.00,0.00,0.00,1.00,10.81,,,0.11
,,,,,,To Date: 31-Jan-2026,,,,,,,,,
14-Feb-26,,,From Date: 01-Jan-2026,,,,,,,,,,Page 9 of, 41,
Summary Of Sales by Items,,,,,,,,,,,,,,,
Description,Qty,Mode 1,,Qty,Mode 2,,Qty,Mode 3,Qty,Mode 4,Qty,Total Amount,,,%
Duck Confit,57.00,"1,643.25",,0.00,0.00,,0.00,0.00,0.00,0.00,57.00,"1,643.25",,,16.29
Fish And Chips,21.00,491.88,,0.00,0.00,,0.00,0.00,0.00,0.00,21.00,491.88,,,4.88
Grilled Shrimp Platter,13.00,433.33,,0.00,0.00,,0.00,0.00,0.00,0.00,13.00,433.33,,,4.30
Moules Frites,52.00,"1,873.87",,0.00,0.00,,0.00,0.00,0.00,0.00,52.00,"1,873.87",,,18.58
Pave De Saumon,29.00,888.30,,0.00,0.00,,0.00,0.00,0.00,0.00,29.00,888.30,,,8.81
Penne Arrabbiata,20.00,216.22,,0.00,0.00,,0.00,0.00,0.00,0.00,20.00,216.22,,,2.14
Poulet Frites,134.00,"2,336.53",,0.00,0.00,,0.00,0.00,0.00,0.00,134.00,"2,336.53",,,23.16
Sea Bass En Papillote,40.00,"1,189.19",,0.00,0.00,,0.00,0.00,0.00,0.00,40.00,"1,189.19",,,11.79
Shrimp Roll,24.00,389.18,,0.00,0.00,,0.00,0.00,0.00,0.00,24.00,389.18,,,3.86
Tagliatelle Au Poulet,35.00,614.88,,0.00,0.00,,0.00,0.00,0.00,0.00,35.00,614.88,,,6.10
Plats Principaux,426.00,"10,087.45",,0.00,0.00,,0.00,0.00,0.00,0.00,426.00,"10,087.45",,,11.99
Group: Salades,,,,,,,,,,,,,,,
Artichaut Salad,55.00,743.27,,0.00,0.00,,0.00,0.00,0.00,0.00,55.00,743.27,,,15.85
Caesar Salad,37.00,400.01,,0.00,0.00,,0.00,0.00,0.00,0.00,37.00,400.01,,,8.53
Farmers Market,44.00,594.61,,0.00,0.00,,0.00,0.00,0.00,0.00,44.00,594.61,,,12.68
Grilled Calamar Salad,55.00,842.33,,0.00,0.00,,0.00,0.00,0.00,0.00,55.00,842.33,,,17.97
Salade De Chevre Chaud,117.00,"1,475.72",,0.00,0.00,,0.00,0.00,0.00,0.00,117.00,"1,475.72",,,31.48
Salade Endives Roquefort,39.00,632.43,,0.00,0.00,,0.00,0.00,0.00,0.00,39.00,632.43,,,13.49
Salades,347.00,"4,688.35",,0.00,0.00,,0.00,0.00,0.00,0.00,347.00,"4,688.35",,,5.28
Group: Side Orders,,,,,,,,,,,,,,,
Baguette Brown,351.00,0.00,,0.00,0.00,,0.00,0.00,0.00,0.00,351.00,0.00,,,0.00
Bol De Riz,6.00,32.43,,0.00,0.00,,0.00,0.00,0.00,0.00,6.00,32.43,,,1.61
Bread And Butter,34.00,91.90,,0.00,0.00,,0.00,0.00,0.00,0.00,34.00,91.90,,,4.57
,,,,,,To Date: 31-Jan-2026,,,,,,,,,
14-Feb-26,,,From Date: 01-Jan-2026,,,,,,,,,,Page 10 of, 41,
Summary Of Sales by Items,,,,,,,,,,,,,,,
Description,Qty,Mode 1,,Qty,Mode 2,,Qty,Mode 3,Qty,Mode 4,Qty,Total Amount,,,%
Butter,16.75,0.00,,0.00,0.00,,0.00,0.00,0.00,0.00,16.75,0.00,,,0.00
Epinard A La creme,29.00,209.00,,0.00,0.00,,0.00,0.00,0.00,0.00,29.00,209.00,,,10.40
Gratin Dauphinois,47.00,254.04,,0.00,0.00,,0.00,0.00,0.00,0.00,47.00,254.04,,,12.65
Grilled Portobello Mushrooms,73.00,591.88,,0.00,0.00,,0.00,0.00,0.00,0.00,73.00,591.88,,,29.46
Grilled Pot & Veg,42.00,170.27,,0.00,0.00,,0.00,0.00,0.00,0.00,42.00,170.27,,,8.48
Mixed Greens Salad,31.00,125.67,,0.00,0.00,,0.00,0.00,0.00,0.00,31.00,125.67,,,6.26
Pain Figue,2.00,9.91,,0.00,0.00,,0.00,0.00,0.00,0.00,2.00,9.91,,,0.49
Pommes De Terres Forestiere,13.00,64.41,,0.00,0.00,,0.00,0.00,0.00,0.00,13.00,64.41,,,3.21
Pommes Frites,61.00,302.26,,0.00,0.00,,0.00,0.00,0.00,0.00,61.00,302.26,,,15.05
Pommes Rissolees,8.00,39.64,,0.00,0.00,,0.00,0.00,0.00,0.00,8.00,39.64,,,1.97
Roasted Baby Potatoes,9.00,44.59,,0.00,0.00,,0.00,0.00,0.00,0.00,9.00,44.59,,,2.22
Truffle Parmesan Frites,9.00,72.97,,0.00,0.00,,0.00,0.00,0.00,0.00,9.00,72.97,,,3.63
Side Orders,731.75,"2,008.99",,0.00,0.00,,0.00,0.00,0.00,0.00,731.75,"2,008.99",,,2.21
Group: Specials,,,,,,,,,,,,,,,
Beouf Bourgignon,12.00,378.38,,0.00,0.00,,0.00,0.00,0.00,0.00,12.00,378.38,,,14.48
Chef Dishes,3.00,81.08,,0.00,0.00,,0.00,0.00,0.00,0.00,3.00,81.08,,,3.10
Filet Rossini,16.00,893.70,,0.00,0.00,,0.00,0.00,0.00,0.00,16.00,893.70,,,34.20
Foie Gras,9.00,259.46,,0.00,0.00,,0.00,0.00,0.00,0.00,9.00,259.46,,,9.93
Lamb Shank,6.00,205.40,,0.00,0.00,,0.00,0.00,0.00,0.00,6.00,205.40,,,7.86
Mousse Au Chocolat,62.00,390.98,,0.00,0.00,,0.00,0.00,0.00,0.00,62.00,390.98,,,14.96
Salade Roquettes & Crevettes,26.00,404.07,,0.00,0.00,,0.00,0.00,0.00,0.00,26.00,404.07,,,15.46
Specials,134.00,"2,613.07",,0.00,0.00,,0.00,0.00,0.00,0.00,134.00,"2,613.07",,,2.80
Group: Starters,,,,,,,,,,,,,,,
,,,,,,To Date: 31-Jan-2026,,,,,,,,,
14-Feb-26,,,From Date: 01-Jan-2026,,,,,,,,,,Page 11 of, 41,
Summary Of Sales by Items,,,,,,,,,,,,,,,
Description,Qty,Mode 1,,Qty,Mode 2,,Qty,Mode 3,Qty,Mode 4,Qty,Total Amount,,,%
Baguette White,345.00,0.00,,0.00,0.00,,0.00,0.00,0.00,0.00,345.00,0.00,,,0.00
Bone Marrow Plate,48.00,951.36,,0.00,0.00,,0.00,0.00,0.00,0.00,48.00,951.36,,,7.47
Burrata,85.00,"1,378.36",,0.00,0.00,,0.00,0.00,0.00,0.00,85.00,"1,378.36",,,10.82
Calamars Frits,85.00,"1,301.78",,0.00,0.00,,0.00,0.00,0.00,0.00,85.00,"1,301.78",,,10.22
Crab Cakes,33.00,535.13,,0.00,0.00,,0.00,0.00,0.00,0.00,33.00,535.13,,,4.20
Duck Spring Rolls,51.00,735.12,,0.00,0.00,,0.00,0.00,0.00,0.00,51.00,735.12,,,5.77
Escargots 12 Pieces,29.00,574.78,,0.00,0.00,,0.00,0.00,0.00,0.00,29.00,574.78,,,4.51
Escargots 6 Pieces,65.00,644.15,,0.00,0.00,,0.00,0.00,0.00,0.00,65.00,644.15,,,5.06
Extra Bone Marrow,3.00,27.03,,0.00,0.00,,0.00,0.00,0.00,0.00,3.00,27.03,,,0.21
FIRE,509.00,0.00,,1.00,0.00,,0.00,0.00,0.00,0.00,510.00,0.00,,,0.00
Hold,527.00,0.00,,1.00,0.00,,0.00,0.00,0.00,0.00,528.00,0.00,,,0.00
Poelee De Champignons,119.00,"1,500.94",,0.00,0.00,,0.00,0.00,0.00,0.00,119.00,"1,500.94",,,11.78
Salade De Lentilles,32.00,345.95,,0.00,0.00,,0.00,0.00,0.00,0.00,32.00,345.95,,,2.72
Soup A L'Oignon Gratinee,407.00,"3,299.96",,0.00,0.00,,0.00,0.00,0.00,0.00,407.00,"3,299.96",,,25.90
Soupe Du Jour,61.00,494.59,,0.00,0.00,,0.00,0.00,0.00,0.00,61.00,494.59,,,3.88
Tartare De Saumon,39.00,702.70,,0.00,0.00,,0.00,0.00,0.00,0.00,39.00,702.70,,,5.52
Tarte Fine De Chevre Frais,23.00,248.65,,0.00,0.00,,0.00,0.00,0.00,0.00,23.00,248.65,,,1.95
Starters,"2,461.00","12,740.49",,2.00,0.00,,0.00,0.00,0.00,0.00,"2,463.00","12,740.49",,,12.00
Group: Weekday Lunch OFFER,,,,,,,,,,,,,,,
7up Lunch Offer,14.00,0.00,,0.00,0.00,,0.00,0.00,0.00,0.00,14.00,0.00,,,0.00
Boeuf Stroganoff,44.00,604.51,,0.00,0.00,,0.00,0.00,0.00,0.00,44.00,604.51,,,15.93
Couqley Steak Frites Lunch,93.00,"1,843.25",,0.00,0.00,,0.00,0.00,0.00,0.00,93.00,"1,843.25",,,48.56
Diet 7up Lunch Offer,29.00,0.00,,0.00,0.00,,0.00,0.00,0.00,0.00,29.00,0.00,,,0.00
,,,,,,To Date: 31-Jan-2026,,,,,,,,,
14-Feb-26,,,From Date: 01-Jan-2026,,,,,,,,,,Page 12 of, 41,
Summary Of Sales by Items,,,,,,,,,,,,,,,
Description,Qty,Mode 1,,Qty,Mode 2,,Qty,Mode 3,Qty,Mode 4,Qty,Total Amount,,,%
Diet Pepsi Lunch Offer,67.00,0.00,,0.00,0.00,,0.00,0.00,0.00,0.00,67.00,0.00,,,0.00
Lunch Offer Sea Bass,1.00,27.93,,0.00,0.00,,0.00,0.00,0.00,0.00,1.00,27.93,,,0.74
Pepsi Lunch Offer,47.00,0.00,,0.00,0.00,,0.00,0.00,0.00,0.00,47.00,0.00,,,0.00
Pepsi Zero Lunch Offer,11.00,0.00,,0.00,0.00,,0.00,0.00,0.00,0.00,11.00,0.00,,,0.00
Poulet Frites Lunch,7.00,107.21,,0.00,0.00,,0.00,0.00,0.00,0.00,7.00,107.21,,,2.82
Poulet Frites Sandwich,16.00,201.81,,0.00,0.00,,0.00,0.00,0.00,0.00,16.00,201.81,,,5.32
Steak Frites Sandwich,66.00,"1,010.80",,0.00,0.00,,0.00,0.00,0.00,0.00,66.00,"1,010.80",,,26.63
Weekday Lunch OFFER,395.00,"3,795.50",,0.00,0.00,,0.00,0.00,0.00,0.00,395.00,"3,795.50",,,3.45
Food,"11,060.25","110,006.24",,2.00,0.00,,0.00,0.00,0.00,0.00,"11,062.25","110,006.24",,,97.86
Division: Non Alcoholic Beverages,,,,,,,,,,,,,,,
Group: Cold Drinks,,,,,,,,,,,,,,,
7up,39.00,105.42,,0.00,0.00,,0.00,0.00,0.00,0.00,39.00,105.42,,,1.85
Diet 7up,79.00,213.53,,0.00,0.00,,0.00,0.00,0.00,0.00,79.00,213.53,,,3.74
Diet Pepsi,284.00,767.60,,0.00,0.00,,0.00,0.00,0.00,0.00,284.00,767.60,,,13.45
Ginger Ale,6.00,16.22,,0.00,0.00,,0.00,0.00,0.00,0.00,6.00,16.22,,,0.28
Iced Tea,42.00,113.52,,0.00,0.00,,0.00,0.00,0.00,0.00,42.00,113.52,,,1.99
Lemonade,19.00,59.91,,0.00,0.00,,0.00,0.00,0.00,0.00,19.00,59.91,,,1.05
Minted Frozen Lemonade,3.00,13.51,,0.00,0.00,,0.00,0.00,0.00,0.00,3.00,13.51,,,0.24
Orange Juice,22.00,79.28,,0.00,0.00,,0.00,0.00,0.00,0.00,22.00,79.28,,,1.39
Pepsi,122.00,329.75,,0.00,0.00,,0.00,0.00,0.00,0.00,122.00,329.75,,,5.78
Pepsi Zero,27.00,72.97,,0.00,0.00,,0.00,0.00,0.00,0.00,27.00,72.97,,,1.28
San Pellegrino Large,222.00,"1,199.91",,0.00,0.00,,0.00,0.00,0.00,0.00,222.00,"1,199.91",,,21.02
San Pellegrino Small,108.00,291.91,,0.00,0.00,,0.00,0.00,0.00,0.00,108.00,291.91,,,5.11
,,,,,,To Date: 31-Jan-2026,,,,,,,,,
14-Feb-26,,,From Date: 01-Jan-2026,,,,,,,,,,Page 13 of, 41,
Summary Of Sales by Items,,,,,,,,,,,,,,,
Description,Qty,Mode 1,,Qty,Mode 2,,Qty,Mode 3,Qty,Mode 4,Qty,Total Amount,,,%
Soda,2.00,5.41,,0.00,0.00,,0.00,0.00,0.00,0.00,2.00,5.41,,,0.09
Tonic,5.00,13.51,,0.00,0.00,,0.00,0.00,0.00,0.00,5.00,13.51,,,0.24
Water Large,673.00,"2,425.48",,0.00,0.00,,0.00,0.00,0.00,0.00,673.00,"2,425.48",,,42.49
Cold Drinks,"1,653.00","5,707.94",,0.00,0.00,,0.00,0.00,0.00,0.00,"1,653.00","5,707.94",,,100.00
Group: Hot Drinks,,,,,,,,,,,,,,,
Cafe Blanc,29.00,52.25,,0.00,0.00,,0.00,0.00,0.00,0.00,29.00,52.25,,,8.76
Cappuccino,16.00,50.45,,0.00,0.00,,0.00,0.00,0.00,0.00,16.00,50.45,,,8.45
Espresso Decaf,15.00,33.78,,0.00,0.00,,0.00,0.00,0.00,0.00,15.00,33.78,,,5.66
Espresso Doppio,29.00,104.51,,0.00,0.00,,0.00,0.00,0.00,0.00,29.00,104.51,,,17.51
Espresso Intenso,108.00,243.24,,0.00,0.00,,0.00,0.00,0.00,0.00,108.00,243.24,,,40.75
Hot Chocolate,3.00,9.46,,0.00,0.00,,0.00,0.00,0.00,0.00,3.00,9.46,,,1.58
Latte,7.00,22.07,,0.00,0.00,,0.00,0.00,0.00,0.00,7.00,22.07,,,3.70
Tea,45.00,81.09,,0.00,0.00,,0.00,0.00,0.00,0.00,45.00,81.09,,,13.59
Hot Drinks,252.00,596.86,,0.00,0.00,,0.00,0.00,0.00,0.00,252.00,596.86,,,9.47
Non Alcoholic Beverages,"1,905.00","6,304.79",,0.00,0.00,,0.00,0.00,0.00,0.00,"1,905.00","6,304.79",,,5.31
Division: Wine,,,,,,,,,,,,,,,
Group: By the Glass & Carafe,,,,,,,,,,,,,,,
Carafe Blanc de Blanc,18.00,243.25,,0.00,0.00,,0.00,0.00,0.00,0.00,18.00,243.25,,,4.42
Carafe Bordeaux Superieur,37.00,833.35,,0.00,0.00,,0.00,0.00,0.00,0.00,37.00,833.35,,,15.15
Carafe Entre 2 Mers White,3.00,72.97,,0.00,0.00,,0.00,0.00,0.00,0.00,3.00,72.97,,,1.33
Carafe House Wine Red,56.75,920.26,,0.00,0.00,,0.00,0.00,0.00,0.00,56.75,920.26,,,16.73
Carafe Kefraya Myst,5.00,63.06,,0.00,0.00,,0.00,0.00,0.00,0.00,5.00,63.06,,,1.15
Carafe Reve Blanc,4.00,54.06,,0.00,0.00,,0.00,0.00,0.00,0.00,4.00,54.06,,,0.98
,,,,,,To Date: 31-Jan-2026,,,,,,,,,
14-Feb-26,,,From Date: 01-Jan-2026,,,,,,,,,,Page 14 of, 41,
Summary Of Sales by Items,,,,,,,,,,,,,,,
Description,Qty,Mode 1,,Qty,Mode 2,,Qty,Mode 3,Qty,Mode 4,Qty,Total Amount,,,%
Glass Blanc de Blanc,68.00,428.82,,0.00,0.00,,0.00,0.00,0.00,0.00,68.00,428.82,,,7.80
Glass Bordeaux Superieur,132.00,"1,070.26",,0.00,0.00,,0.00,0.00,0.00,0.00,132.00,"1,070.26",,,19.46
Glass Entre Deux Mers White,18.00,145.94,,0.00,0.00,,0.00,0.00,0.00,0.00,18.00,145.94,,,2.65
Glass House Wine Red,177.00,"1,275.64",,0.00,0.00,,0.00,0.00,0.00,0.00,177.00,"1,275.64",,,23.19
Glass Kefraya Myst,19.00,102.70,,0.00,0.00,,0.00,0.00,0.00,0.00,19.00,102.70,,,1.87
Glass Reve Blanc,14.00,88.29,,0.00,0.00,,0.00,0.00,0.00,0.00,14.00,88.29,,,1.61
Glass Sparkling Wine,28.00,201.80,,0.00,0.00,,0.00,0.00,0.00,0.00,28.00,201.80,,,3.67
By the Glass & Carafe,579.75,"5,500.41",,0.00,0.00,,0.00,0.00,0.00,0.00,579.75,"5,500.41",,,100.00
Group: Prosecco,,,,,,,,,,,,,,,
Martini Prosecco,4.00,100.90,,0.00,0.00,,0.00,0.00,0.00,0.00,4.00,100.90,,,100.00
Prosecco,4.00,100.90,,0.00,0.00,,0.00,0.00,0.00,0.00,4.00,100.90,,,1.80
Group: Red Wine - Europe,,,,,,,,,,,,,,,
Civetta Chianti DOCG,1.00,55.86,,0.00,0.00,,0.00,0.00,0.00,0.00,1.00,55.86,,,13.25
Il Nero Sangiovese Del Rubicone NV,0.00,0.00,,0.00,0.00,,0.00,0.00,0.00,0.00,0.00,0.00,,,0.00
Linteo Negroamaro Salento,2.00,88.29,,0.00,0.00,,0.00,0.00,0.00,0.00,2.00,88.29,,,20.94
Ribera Del Duero,3.00,210.81,,0.00,0.00,,0.00,0.00,0.00,0.00,3.00,210.81,,,50.00
Victoria Tournon Mathilda,1.00,66.67,,0.00,0.00,,0.00,0.00,0.00,0.00,1.00,66.67,,,15.81
Red Wine - Europe,7.00,421.62,,0.00,0.00,,0.00,0.00,0.00,0.00,7.00,421.62,,,7.00
Group: Red Wine - France,,,,,,,,,,,,,,,
Chateau de France,1.00,118.92,,0.00,0.00,,0.00,0.00,0.00,0.00,1.00,118.92,,,7.64
Chateau Jean Blanc Saint Emilion Grand Cru 2022,0.00,0.00,,0.00,0.00,,0.00,0.00,0.00,0.00,0.00,0.00,,,0.00
Clou Du Pin Bordeaux Superieur,7.00,296.39,,0.00,0.00,,0.00,0.00,0.00,0.00,7.00,296.39,,,19.04
Cote Rotie Becasse 2020,0.00,0.00,,0.00,0.00,,0.00,0.00,0.00,0.00,0.00,0.00,,,0.00
,,,,,,To Date: 31-Jan-2026,,,,,,,,,
14-Feb-26,,,From Date: 01-Jan-2026,,,,,,,,,,Page 15 of, 41,
Summary Of Sales by Items,,,,,,,,,,,,,,,
Description,Qty,Mode 1,,Qty,Mode 2,,Qty,Mode 3,Qty,Mode 4,Qty,Total Amount,,,%
CÔTES DU RHÔNE aprices d’Antoine 2023,3.00,151.35,,0.00,0.00,,0.00,0.00,0.00,0.00,3.00,151.35,,,9.72
Gigondas 2015,1.00,72.07,,0.00,0.00,,0.00,0.00,0.00,0.00,1.00,72.07,,,4.63
GIGONDAS M Chapoutier Les Jocasses 2021 Rhone,2.00,194.59,,0.00,0.00,,0.00,0.00,0.00,0.00,2.00,194.59,,,12.50
"HAUT MÉDOC  Château Lamothe Bergeron 2016, Bordeaux",5.00,364.87,,0.00,0.00,,0.00,0.00,0.00,0.00,5.00,364.87,,,23.44
"Margaux, Chateau La Gurgue",2.00,212.61,,0.00,0.00,,0.00,0.00,0.00,0.00,2.00,212.61,,,13.66
Marjosse Bordeaux Superieur,0.00,0.00,,0.00,0.00,,0.00,0.00,0.00,0.00,0.00,0.00,,,0.00
PAYS D’OC Oriolus Pinot Noir Cheval Quancard 2023,1.00,56.76,,0.00,0.00,,0.00,0.00,0.00,0.00,1.00,56.76,,,3.65
Vielle Ferme Beaucastel 2023,3.00,89.19,,0.00,0.00,,0.00,0.00,0.00,0.00,3.00,89.19,,,5.73
Red Wine - France,25.00,"1,556.75",,0.00,0.00,,0.00,0.00,0.00,0.00,25.00,"1,556.75",,,20.54
Group: Red Wine - Lebanon,,,,,,,,,,,,,,,
Altitudes Ixsir,18.00,535.14,,0.00,0.00,,0.00,0.00,0.00,0.00,18.00,535.14,,,25.60
Chateau Marsyas Red,9.00,608.11,,0.00,0.00,,0.00,0.00,0.00,0.00,9.00,608.11,,,29.09
Couqley By Iris Domain,5.00,97.30,,0.00,0.00,,0.00,0.00,0.00,0.00,5.00,97.30,,,4.66
Hochar,5.00,234.24,,0.00,0.00,,0.00,0.00,0.00,0.00,5.00,234.24,,,11.21
Ksara Cabernet Sauvignon,8.00,252.26,,0.00,0.00,,0.00,0.00,0.00,0.00,8.00,252.26,,,12.07
Levantine Rouge 2022,5.00,202.70,,0.00,0.00,,0.00,0.00,0.00,0.00,5.00,202.70,,,9.70
Litaj,1.00,41.44,,0.00,0.00,,0.00,0.00,0.00,0.00,1.00,41.44,,,1.98
Phoenician Gate,3.00,118.92,,0.00,0.00,,0.00,0.00,0.00,0.00,3.00,118.92,,,5.69
Red Wine - Lebanon,54.00,"2,090.10",,0.00,0.00,,0.00,0.00,0.00,0.00,54.00,"2,090.10",,,21.61
Group: Rose Wine,,,,,,,,,,,,,,,
Myst Rose,3.50,59.91,,0.00,0.00,,0.00,0.00,0.00,0.00,3.50,59.91,,,100.00
Rose Wine,3.50,59.91,,0.00,0.00,,0.00,0.00,0.00,0.00,3.50,59.91,,,0.62
Group: White Wine - Europe,,,,,,,,,,,,,,,
,,,,,,To Date: 31-Jan-2026,,,,,,,,,
14-Feb-26,,,From Date: 01-Jan-2026,,,,,,,,,,Page 16 of, 41,
Summary Of Sales by Items,,,,,,,,,,,,,,,
Description,Qty,Mode 1,,Qty,Mode 2,,Qty,Mode 3,Qty,Mode 4,Qty,Total Amount,,,%
Pinot Grigio Magna Terra 2024,2.00,75.68,,0.00,0.00,,0.00,0.00,0.00,0.00,2.00,75.68,,,100.00
White Wine - Europe,2.00,75.68,,0.00,0.00,,0.00,0.00,0.00,0.00,2.00,75.68,,,0.77
Group: White Wine - Lebanon,,,,,,,,,,,,,,,
Altitudes Ixsir Lebanon,5.00,144.15,,0.00,0.00,,0.00,0.00,0.00,0.00,5.00,144.15,,,46.54
Blanc de Blanc Btl,5.00,99.10,,0.00,0.00,,0.00,0.00,0.00,0.00,5.00,99.10,,,32.00
Château Trois Collines “Naysa”,1.00,18.92,,0.00,0.00,,0.00,0.00,0.00,0.00,1.00,18.92,,,6.11
Reve Blanc,2.40,47.57,,0.00,0.00,,0.00,0.00,0.00,0.00,2.40,47.57,,,15.36
White Wine - Lebanon,13.40,309.73,,0.00,0.00,,0.00,0.00,0.00,0.00,13.40,309.73,,,3.06
Wine,688.65,"10,115.10",,0.00,0.00,,0.00,0.00,0.00,0.00,688.65,"10,115.10",,,7.85
Couqley Gemayzeh,"13,915.90","128,826.16",,2.00,0.00,,0.00,0.00,0.00,0.00,"13,917.90","128,826.16",,,
Branch: Couqley dbayeh ⁠,,,,,,,,,,,,,,,
Division: Alcoholic Beverages,,,,,,,,,,,,,,,
Group: Apero,,,,,,,,,,,,,,,
Gin Basil AP,6.00,32.43,,0.00,0.00,,0.00,0.00,0.00,0.00,6.00,32.43,,,55.38
Margarita AP,3.00,16.22,,0.00,0.00,,0.00,0.00,0.00,0.00,3.00,16.22,,,27.69
Martini Prosecco GLS AP,2.00,9.91,,0.00,0.00,,0.00,0.00,0.00,0.00,2.00,9.91,,,16.92
Apero,11.00,58.56,,0.00,0.00,,0.00,0.00,0.00,0.00,11.00,58.56,,,100.00
Group: Beers,,,,,,,,,,,,,,,
Almaza,35.00,157.68,,0.00,0.00,,0.00,0.00,0.00,0.00,35.00,157.68,,,74.47
Almaza Light,12.00,54.06,,0.00,0.00,,0.00,0.00,0.00,0.00,12.00,54.06,,,25.53
Draft Elmir Pilsner,0.00,0.00,,0.00,0.00,,0.00,0.00,0.00,0.00,0.00,0.00,,,0.00
Beers,47.00,211.74,,0.00,0.00,,0.00,0.00,0.00,0.00,47.00,211.74,,,78.34
Group: Cocktails,,,,,,,,,,,,,,,
,,,,,,To Date: 31-Jan-2026,,,,,,,,,
14-Feb-26,,,From Date: 01-Jan-2026,,,,,,,,,,Page 17 of, 41,
Summary Of Sales by Items,,,,,,,,,,,,,,,
Description,Qty,Mode 1,,Qty,Mode 2,,Qty,Mode 3,Qty,Mode 4,Qty,Total Amount,,,%
Amaretto Sour,2.00,19.82,,0.00,0.00,,0.00,0.00,0.00,0.00,2.00,19.82,,,3.37
Aperol Spritz,3.00,35.14,,0.00,0.00,,0.00,0.00,0.00,0.00,3.00,35.14,,,5.98
Bloody Mary Vodka,2.00,19.82,,0.00,0.00,,0.00,0.00,0.00,0.00,2.00,19.82,,,3.37
Espresso Martini,3.00,29.73,,0.00,0.00,,0.00,0.00,0.00,0.00,3.00,29.73,,,5.06
Gin Basil,15.00,148.65,,0.00,0.00,,0.00,0.00,0.00,0.00,15.00,148.65,,,25.31
Margarita,12.00,118.92,,0.00,0.00,,0.00,0.00,0.00,0.00,12.00,118.92,,,20.25
Mojito Rum,4.00,39.64,,0.00,0.00,,0.00,0.00,0.00,0.00,4.00,39.64,,,6.75
Negroni,6.00,48.65,,0.00,0.00,,0.00,0.00,0.00,0.00,6.00,48.65,,,8.28
Off the menu Cocktail,1.00,9.01,,0.00,0.00,,0.00,0.00,0.00,0.00,1.00,9.01,,,1.53
Old Fashioned,5.00,54.05,,0.00,0.00,,0.00,0.00,0.00,0.00,5.00,54.05,,,9.20
Passion Fruit Martini,3.00,32.43,,0.00,0.00,,0.00,0.00,0.00,0.00,3.00,32.43,,,5.52
Spritz,1.00,11.71,,0.00,0.00,,0.00,0.00,0.00,0.00,1.00,11.71,,,1.99
Whisky Sour,2.00,19.82,,0.00,0.00,,0.00,0.00,0.00,0.00,2.00,19.82,,,3.37
Cocktails,59.00,587.39,,0.00,0.00,,0.00,0.00,0.00,0.00,59.00,587.39,,,68.49
Group: Gin/Vodka,,,,,,,,,,,,,,,
Gordans Gls,2.00,14.41,,0.00,0.00,,0.00,0.00,0.00,0.00,2.00,14.41,,,30.77
Grey Goose Gls,2.00,32.43,,0.00,0.00,,0.00,0.00,0.00,0.00,2.00,32.43,,,69.23
Gin/Vodka,4.00,46.85,,0.00,0.00,,0.00,0.00,0.00,0.00,4.00,46.85,,,5.18
Group: Spirits/Digestif,,,,,,,,,,,,,,,
Lemoncello Shot,4.00,16.22,,0.00,0.00,,0.00,0.00,0.00,0.00,4.00,16.22,,,100.00
Spirits/Digestif,4.00,16.22,,0.00,0.00,,0.00,0.00,0.00,0.00,4.00,16.22,,,1.76
Group: Whiskey,,,,,,,,,,,,,,,
Black Label Gls,14.00,126.13,,0.00,0.00,,0.00,0.00,0.00,0.00,14.00,126.13,,,28.57
,,,,,,To Date: 31-Jan-2026,,,,,,,,,
14-Feb-26,,,From Date: 01-Jan-2026,,,,,,,,,,Page 18 of, 41,
Summary Of Sales by Items,,,,,,,,,,,,,,,
Description,Qty,Mode 1,,Qty,Mode 2,,Qty,Mode 3,Qty,Mode 4,Qty,Total Amount,,,%
Chivas 12Y Gls,3.00,27.03,,0.00,0.00,,0.00,0.00,0.00,0.00,3.00,27.03,,,6.12
Chivas 18Y Gls,4.00,64.86,,0.00,0.00,,0.00,0.00,0.00,0.00,4.00,64.86,,,14.69
Glenfiddich 12 Gls,1.00,10.81,,0.00,0.00,,0.00,0.00,0.00,0.00,1.00,10.81,,,2.45
Glenfiddich 15 Gls,6.00,86.49,,0.00,0.00,,0.00,0.00,0.00,0.00,6.00,86.49,,,19.59
Jameson Gls,1.00,7.21,,0.00,0.00,,0.00,0.00,0.00,0.00,1.00,7.21,,,1.63
Laphroaig Gls,2.00,25.23,,0.00,0.00,,0.00,0.00,0.00,0.00,2.00,25.23,,,5.71
Maker's Mark Gls,3.00,35.14,,0.00,0.00,,0.00,0.00,0.00,0.00,3.00,35.14,,,7.96
Monkey Shoulder Gls,5.00,58.56,,0.00,0.00,,0.00,0.00,0.00,0.00,5.00,58.56,,,13.27
Whiskey,39.00,441.44,,0.00,0.00,,0.00,0.00,0.00,0.00,39.00,441.44,,,32.41
Alcoholic Beverages,164.00,"1,362.19",,0.00,0.00,,0.00,0.00,0.00,0.00,164.00,"1,362.19",,,100.00
Division: Food,,,,,,,,,,,,,,,
Group: Boeuf,,,,,,,,,,,,,,,
Bistro Burger,74.00,"1,266.66",,0.00,0.00,,0.00,0.00,0.00,0.00,74.00,"1,266.66",,,2.43
Cote De Boeuf N,14.00,"1,639.64",,0.00,0.00,,0.00,0.00,0.00,0.00,14.00,"1,639.64",,,3.14
Entrecote MB2,53.00,"2,482.89",,0.00,0.00,,0.00,0.00,0.00,0.00,53.00,"2,482.89",,,4.75
Filet De Boeuf Prime,55.00,"2,328.82",,0.00,0.00,,0.00,0.00,0.00,0.00,55.00,"2,328.82",,,4.46
Large Couqley Steak Frites,464.00,"15,257.71",,0.00,0.00,,0.00,0.00,0.00,0.00,464.00,"15,257.71",,,29.21
Large Mushroom Steak Frites,52.00,"1,827.02",,0.00,0.00,,0.00,0.00,0.00,0.00,52.00,"1,827.02",,,3.50
Regular Couqley Steak Frites,961.00,"23,539.57",,0.00,0.00,,0.00,0.00,0.00,0.00,961.00,"23,539.57",,,45.07
Regular Mushroom Steak Frites,95.00,"2,383.76",,0.00,0.00,,0.00,0.00,0.00,0.00,95.00,"2,383.76",,,4.56
Steak Tartare,28.00,554.96,,0.00,0.00,,0.00,0.00,0.00,0.00,28.00,554.96,,,1.06
Truffle Brie Burger,42.00,945.97,,0.00,0.00,,0.00,0.00,0.00,0.00,42.00,945.97,,,1.81
Boeuf,"1,838.00","52,226.99",,0.00,0.00,,0.00,0.00,0.00,0.00,"1,838.00","52,226.99",,,100.00
,,,,,,To Date: 31-Jan-2026,,,,,,,,,
14-Feb-26,,,From Date: 01-Jan-2026,,,,,,,,,,Page 19 of, 41,
Summary Of Sales by Items,,,,,,,,,,,,,,,
Description,Qty,Mode 1,,Qty,Mode 2,,Qty,Mode 3,Qty,Mode 4,Qty,Total Amount,,,%
Group: Dessert,,,,,,,,,,,,,,,
Creme Brulee,60.00,432.42,,0.00,0.00,,0.00,0.00,0.00,0.00,60.00,432.42,,,10.62
Fondant Au Chocolat,63.00,539.21,,0.00,0.00,,0.00,0.00,0.00,0.00,63.00,539.21,,,13.25
Pain Perdu,284.00,"2,814.44",,0.00,0.00,,0.00,0.00,0.00,0.00,284.00,"2,814.44",,,69.15
Sorbets And Ice Cream,64.00,172.98,,0.00,0.00,,0.00,0.00,0.00,0.00,64.00,172.98,,,4.25
Tarte Du Jour,13.00,111.27,,0.00,0.00,,0.00,0.00,0.00,0.00,13.00,111.27,,,2.73
Dessert,484.00,"4,070.32",,0.00,0.00,,0.00,0.00,0.00,0.00,484.00,"4,070.32",,,7.23
Group: Formulas,,,,,,,,,,,,,,,
Baron Carafe MONDAY,26.00,0.00,,0.00,0.00,,0.00,0.00,0.00,0.00,26.00,0.00,,,0.00
Creme Brulee MONDAY Formula,4.00,0.00,,0.00,0.00,,0.00,0.00,0.00,0.00,4.00,0.00,,,0.00
Extra Large Portion,41.00,277.04,,0.00,0.00,,0.00,0.00,0.00,0.00,41.00,277.04,,,11.44
Fondant Au Chocolat MONDAY Formula,8.00,0.00,,0.00,0.00,,0.00,0.00,0.00,0.00,8.00,0.00,,,0.00
Pain Perdu MONDAY Formula,22.00,0.00,,0.00,0.00,,0.00,0.00,0.00,0.00,22.00,0.00,,,0.00
Petit Couvent Carafe MONDAY,5.00,0.00,,0.00,0.00,,0.00,0.00,0.00,0.00,5.00,0.00,,,0.00
Steak Frites Monday's Formula,35.00,"2,081.07",,0.00,0.00,,0.00,0.00,0.00,0.00,35.00,"2,081.07",,,85.95
Toters Bundle,1.00,63.06,,0.00,0.00,,0.00,0.00,0.00,0.00,1.00,63.06,,,2.60
Formulas,142.00,"2,421.17",,0.00,0.00,,0.00,0.00,0.00,0.00,142.00,"2,421.17",,,4.12
Group: Kids Menu,,,,,,,,,,,,,,,
Crispy Chicken Strips,9.00,81.08,,0.00,0.00,,0.00,0.00,0.00,0.00,9.00,81.08,,,16.04
Free Scoop Of Ice Cream,4.00,0.00,,0.00,0.00,,0.00,0.00,0.00,0.00,4.00,0.00,,,0.00
Kids Bistro Burger,6.00,83.78,,0.00,0.00,,0.00,0.00,0.00,0.00,6.00,83.78,,,16.58
Kids Couqley’s Steak Frites,16.00,216.22,,0.00,0.00,,0.00,0.00,0.00,0.00,16.00,216.22,,,42.78
Kids Penne Arrabbiata,4.00,24.32,,0.00,0.00,,0.00,0.00,0.00,0.00,4.00,24.32,,,4.81
,,,,,,To Date: 31-Jan-2026,,,,,,,,,
14-Feb-26,,,From Date: 01-Jan-2026,,,,,,,,,,Page 20 of, 41,
Summary Of Sales by Items,,,,,,,,,,,,,,,
Description,Qty,Mode 1,,Qty,Mode 2,,Qty,Mode 3,Qty,Mode 4,Qty,Total Amount,,,%
Kids Poulet Frites,3.00,32.43,,0.00,0.00,,0.00,0.00,0.00,0.00,3.00,32.43,,,6.42
Kids Tagliatelle Au Poulet,6.00,67.57,,0.00,0.00,,0.00,0.00,0.00,0.00,6.00,67.57,,,13.37
Kids Menu,48.00,505.41,,0.00,0.00,,0.00,0.00,0.00,0.00,48.00,505.41,,,0.85
Group: Ladies Night,,,,,,,,,,,,,,,
Couqley Steak Regular  Frites OH,16.00,461.26,,0.00,0.00,,0.00,0.00,0.00,0.00,16.00,461.26,,,94.12
Regular Mushroom Steak Frites OH,1.00,28.83,,0.00,0.00,,0.00,0.00,0.00,0.00,1.00,28.83,,,5.88
Ladies Night,17.00,490.09,,0.00,0.00,,0.00,0.00,0.00,0.00,17.00,490.09,,,0.82
Group: Les Sauces,,,,,,,,,,,,,,,
Bearnaise Sauce,8.00,10.81,,0.00,0.00,,0.00,0.00,0.00,0.00,8.00,10.81,,,2.12
Couqley Sauce (Steak Frite),210.00,351.38,,0.00,0.00,,0.00,0.00,0.00,0.00,210.00,351.38,,,68.78
Mushroom Sauce,75.00,89.20,,0.00,0.00,,0.00,0.00,0.00,0.00,75.00,89.20,,,17.46
Roquefort Sauce,13.00,24.33,,0.00,0.00,,0.00,0.00,0.00,0.00,13.00,24.33,,,4.76
Sauces Aux Herbes (Poulet Frites),19.00,35.14,,0.00,0.00,,0.00,0.00,0.00,0.00,19.00,35.14,,,6.88
Les Sauces,325.00,510.85,,0.00,0.00,,0.00,0.00,0.00,0.00,325.00,510.85,,,0.85
Group: Modifier,,,,,,,,,,,,,,,
Add Cheddar Cheese Slice,1.00,1.80,,0.00,0.00,,0.00,0.00,0.00,0.00,1.00,1.80,,,0.63
Add Mexican Beer,13.00,11.71,,0.00,0.00,,0.00,0.00,0.00,0.00,13.00,11.71,,,4.11
Add Truffle Mayo,3.00,10.81,,0.00,0.00,,0.00,0.00,0.00,0.00,3.00,10.81,,,3.80
Boule Chocolat,18.00,0.00,,0.00,0.00,,0.00,0.00,0.00,0.00,18.00,0.00,,,0.00
Boule Citron,16.00,0.00,,0.00,0.00,,0.00,0.00,0.00,0.00,16.00,0.00,,,0.00
Boule Fraise,3.00,0.00,,0.00,0.00,,0.00,0.00,0.00,0.00,3.00,0.00,,,0.00
Boule Vanille,32.00,0.00,,0.00,0.00,,0.00,0.00,0.00,0.00,32.00,0.00,,,0.00
Creamy,1.00,0.00,,0.00,0.00,,0.00,0.00,0.00,0.00,1.00,0.00,,,0.00
,,,,,,To Date: 31-Jan-2026,,,,,,,,,
14-Feb-26,,,From Date: 01-Jan-2026,,,,,,,,,,Page 21 of, 41,
Summary Of Sales by Items,,,,,,,,,,,,,,,
Description,Qty,Mode 1,,Qty,Mode 2,,Qty,Mode 3,Qty,Mode 4,Qty,Total Amount,,,%
Crispy,30.00,0.00,,0.00,0.00,,0.00,0.00,0.00,0.00,30.00,0.00,,,0.00
Cuit,25.00,0.00,,0.00,0.00,,0.00,0.00,0.00,0.00,25.00,0.00,,,0.00
Cut in Half,28.00,0.00,,0.00,0.00,,0.00,0.00,0.00,0.00,28.00,0.00,,,0.00
Extra 1$,10.50,9.46,,0.00,0.00,,0.00,0.00,0.00,0.00,10.50,9.46,,,3.32
Extra Caesar Sauce,2.00,4.50,,0.00,0.00,,0.00,0.00,0.00,0.00,2.00,4.50,,,1.58
Extra Caramel,3.00,6.76,,0.00,0.00,,0.00,0.00,0.00,0.00,3.00,6.76,,,2.37
Extra Chicken,17.00,61.27,,0.00,0.00,,0.00,0.00,0.00,0.00,17.00,61.27,,,21.52
Extra Fries,28.00,0.00,,0.00,0.00,,0.00,0.00,0.00,0.00,28.00,0.00,,,0.00
Extra Full Chicken Breast,1.00,7.21,,0.00,0.00,,0.00,0.00,0.00,0.00,1.00,7.21,,,2.53
Extra Grilled Potatoes & Vegetables,23.00,0.00,,0.00,0.00,,0.00,0.00,0.00,0.00,23.00,0.00,,,0.00
Extra Parmesan,3.00,0.00,,0.00,0.00,,0.00,0.00,0.00,0.00,3.00,0.00,,,0.00
Extra Shrimp,1.00,5.41,,0.00,0.00,,0.00,0.00,0.00,0.00,1.00,5.41,,,1.90
Extra Side Salad,27.00,0.00,,0.00,0.00,,0.00,0.00,0.00,0.00,27.00,0.00,,,0.00
Extra Tagliatelle,2.00,16.22,,0.00,0.00,,0.00,0.00,0.00,0.00,2.00,16.22,,,5.70
Extra Tartare Sauce,1.00,0.00,,0.00,0.00,,0.00,0.00,0.00,0.00,1.00,0.00,,,0.00
Extra Vegetables,83.00,149.57,,0.00,0.00,,0.00,0.00,0.00,0.00,83.00,149.57,,,52.53
Medium,433.00,0.00,,0.00,0.00,,0.00,0.00,0.00,0.00,433.00,0.00,,,0.00
Medium Rare,257.00,0.00,,0.00,0.00,,0.00,0.00,0.00,0.00,257.00,0.00,,,0.00
Medium Well,844.00,0.00,,0.00,0.00,,0.00,0.00,0.00,0.00,844.00,0.00,,,0.00
Mi Cuit,9.00,0.00,,0.00,0.00,,0.00,0.00,0.00,0.00,9.00,0.00,,,0.00
No Cheddar Cheese,5.00,0.00,,0.00,0.00,,0.00,0.00,0.00,0.00,5.00,0.00,,,0.00
No Cocktail Sauce,3.00,0.00,,0.00,0.00,,0.00,0.00,0.00,0.00,3.00,0.00,,,0.00
No Frite,41.00,0.00,,0.00,0.00,,0.00,0.00,0.00,0.00,41.00,0.00,,,0.00
,,,,,,To Date: 31-Jan-2026,,,,,,,,,
14-Feb-26,,,From Date: 01-Jan-2026,,,,,,,,,,Page 22 of, 41,
Summary Of Sales by Items,,,,,,,,,,,,,,,
Description,Qty,Mode 1,,Qty,Mode 2,,Qty,Mode 3,Qty,Mode 4,Qty,Total Amount,,,%
No Lettuce,7.00,0.00,,0.00,0.00,,0.00,0.00,0.00,0.00,7.00,0.00,,,0.00
No Onion,15.00,0.00,,0.00,0.00,,0.00,0.00,0.00,0.00,15.00,0.00,,,0.00
No Pickles,18.00,0.00,,0.00,0.00,,0.00,0.00,0.00,0.00,18.00,0.00,,,0.00
No Tomato,14.00,0.00,,0.00,0.00,,0.00,0.00,0.00,0.00,14.00,0.00,,,0.00
Normal,9.00,0.00,,0.00,0.00,,0.00,0.00,0.00,0.00,9.00,0.00,,,0.00
Not Spicy,15.00,0.00,,0.00,0.00,,0.00,0.00,0.00,0.00,15.00,0.00,,,0.00
Nuts,59.00,0.00,,0.00,0.00,,0.00,0.00,0.00,0.00,59.00,0.00,,,0.00
Rare,31.00,0.00,,0.00,0.00,,0.00,0.00,0.00,0.00,31.00,0.00,,,0.00
Sauce on the side,162.00,0.00,,0.00,0.00,,0.00,0.00,0.00,0.00,162.00,0.00,,,0.00
Spicy,29.00,0.00,,0.00,0.00,,0.00,0.00,0.00,0.00,29.00,0.00,,,0.00
Tarte aux Fraises,9.00,0.00,,0.00,0.00,,0.00,0.00,0.00,0.00,9.00,0.00,,,0.00
Tarte aux Noix,3.00,0.00,,0.00,0.00,,0.00,0.00,0.00,0.00,3.00,0.00,,,0.00
Well Done,250.00,0.00,,0.00,0.00,,0.00,0.00,0.00,0.00,250.00,0.00,,,0.00
White Sauce Only,6.00,0.00,,0.00,0.00,,0.00,0.00,0.00,0.00,6.00,0.00,,,0.00
Modifier,"2,590.50",284.71,,0.00,0.00,,0.00,0.00,0.00,0.00,"2,590.50",284.71,,,0.47
Group: Plats Principaux,,,,,,,,,,,,,,,
Duck Confit,32.00,922.53,,0.00,0.00,,0.00,0.00,0.00,0.00,32.00,922.53,,,13.26
Fish And Chips,19.00,445.04,,0.00,0.00,,0.00,0.00,0.00,0.00,19.00,445.04,,,6.40
Grilled Shrimp Platter,12.00,400.00,,0.00,0.00,,0.00,0.00,0.00,0.00,12.00,400.00,,,5.75
Moules Frites,13.00,468.47,,0.00,0.00,,0.00,0.00,0.00,0.00,13.00,468.47,,,6.74
Pave De Saumon,35.00,"1,072.08",,0.00,0.00,,0.00,0.00,0.00,0.00,35.00,"1,072.08",,,15.41
Penne Arrabbiata,25.00,270.28,,0.00,0.00,,0.00,0.00,0.00,0.00,25.00,270.28,,,3.89
Poulet Frites,124.00,"2,160.86",,0.00,0.00,,0.00,0.00,0.00,0.00,124.00,"2,160.86",,,31.07
,,,,,,To Date: 31-Jan-2026,,,,,,,,,
14-Feb-26,,,From Date: 01-Jan-2026,,,,,,,,,,Page 23 of, 41,
Summary Of Sales by Items,,,,,,,,,,,,,,,
Description,Qty,Mode 1,,Qty,Mode 2,,Qty,Mode 3,Qty,Mode 4,Qty,Total Amount,,,%
Sea Bass En Papillote,22.00,654.06,,0.00,0.00,,0.00,0.00,0.00,0.00,22.00,654.06,,,9.40
Tagliatelle Au Poulet,32.00,562.17,,0.00,0.00,,0.00,0.00,0.00,0.00,32.00,562.17,,,8.08
Plats Principaux,314.00,"6,955.48",,0.00,0.00,,0.00,0.00,0.00,0.00,314.00,"6,955.48",,,10.31
Group: Salades,,,,,,,,,,,,,,,
Artichaut Salad,53.00,716.24,,0.00,0.00,,0.00,0.00,0.00,0.00,53.00,716.24,,,20.29
Caesar Salad,27.00,291.90,,0.00,0.00,,0.00,0.00,0.00,0.00,27.00,291.90,,,8.27
Farmers Market,25.00,337.85,,0.00,0.00,,0.00,0.00,0.00,0.00,25.00,337.85,,,9.57
Grilled Calamar Salad,46.00,704.49,,0.00,0.00,,0.00,0.00,0.00,0.00,46.00,704.49,,,19.96
Salade De Chevre Chaud,80.00,"1,009.04",,0.00,0.00,,0.00,0.00,0.00,0.00,80.00,"1,009.04",,,28.59
Salade Endives Roquefort,29.00,470.26,,0.00,0.00,,0.00,0.00,0.00,0.00,29.00,470.26,,,13.32
Salades,260.00,"3,529.78",,0.00,0.00,,0.00,0.00,0.00,0.00,260.00,"3,529.78",,,4.97
Group: Side Orders,,,,,,,,,,,,,,,
Baguette Brown,334.00,0.00,,0.00,0.00,,0.00,0.00,0.00,0.00,334.00,0.00,,,0.00
Bol De Riz,5.00,27.03,,0.00,0.00,,0.00,0.00,0.00,0.00,5.00,27.03,,,2.99
Bread And Butter,13.00,35.14,,0.00,0.00,,0.00,0.00,0.00,0.00,13.00,35.14,,,3.88
Butter,9.25,0.00,,0.00,0.00,,0.00,0.00,0.00,0.00,9.25,0.00,,,0.00
Epinard A La creme,11.00,79.28,,0.00,0.00,,0.00,0.00,0.00,0.00,11.00,79.28,,,8.76
Gratin Dauphinois,19.00,102.70,,0.00,0.00,,0.00,0.00,0.00,0.00,19.00,102.70,,,11.35
Grilled Portobello Mushrooms,22.00,178.38,,0.00,0.00,,0.00,0.00,0.00,0.00,22.00,178.38,,,19.72
Grilled Pot & Veg,14.00,56.76,,0.00,0.00,,0.00,0.00,0.00,0.00,14.00,56.76,,,6.27
Mixed Greens Salad,23.00,93.24,,0.00,0.00,,0.00,0.00,0.00,0.00,23.00,93.24,,,10.31
Pommes De Terres Forestiere,6.00,29.73,,0.00,0.00,,0.00,0.00,0.00,0.00,6.00,29.73,,,3.29
Pommes Frites,28.00,138.74,,0.00,0.00,,0.00,0.00,0.00,0.00,28.00,138.74,,,15.34
,,,,,,To Date: 31-Jan-2026,,,,,,,,,
14-Feb-26,,,From Date: 01-Jan-2026,,,,,,,,,,Page 24 of, 41,
Summary Of Sales by Items,,,,,,,,,,,,,,,
Description,Qty,Mode 1,,Qty,Mode 2,,Qty,Mode 3,Qty,Mode 4,Qty,Total Amount,,,%
Pommes Rissolees,2.00,9.91,,0.00,0.00,,0.00,0.00,0.00,0.00,2.00,9.91,,,1.10
Roasted Baby Potatoes,13.00,64.41,,0.00,0.00,,0.00,0.00,0.00,0.00,13.00,64.41,,,7.12
Truffle Parmesan Frites,11.00,89.19,,0.00,0.00,,0.00,0.00,0.00,0.00,11.00,89.19,,,9.86
Side Orders,510.25,904.49,,0.00,0.00,,0.00,0.00,0.00,0.00,510.25,904.49,,,1.26
Group: Specials,,,,,,,,,,,,,,,
Mousse Au Chocolat,21.00,132.43,,0.00,0.00,,0.00,0.00,0.00,0.00,21.00,132.43,,,25.42
Salade Roquettes & Crevettes,25.00,388.52,,0.00,0.00,,0.00,0.00,0.00,0.00,25.00,388.52,,,74.58
Specials,46.00,520.95,,0.00,0.00,,0.00,0.00,0.00,0.00,46.00,520.95,,,0.72
Group: Starters,,,,,,,,,,,,,,,
Baguette White,334.00,0.00,,0.00,0.00,,0.00,0.00,0.00,0.00,334.00,0.00,,,0.00
Bone Marrow Plate,47.00,931.54,,0.00,0.00,,0.00,0.00,0.00,0.00,47.00,931.54,,,9.97
Burrata,96.00,"1,556.74",,0.00,0.00,,0.00,0.00,0.00,0.00,96.00,"1,556.74",,,16.66
Calamars Frits,44.00,673.86,,0.00,0.00,,0.00,0.00,0.00,0.00,44.00,673.86,,,7.21
Crab Cakes,14.00,227.02,,0.00,0.00,,0.00,0.00,0.00,0.00,14.00,227.02,,,2.43
Duck Spring Rolls,40.75,587.37,,0.00,0.00,,0.00,0.00,0.00,0.00,40.75,587.37,,,6.29
Escargots 12 Pieces,33.00,654.06,,0.00,0.00,,0.00,0.00,0.00,0.00,33.00,654.06,,,7.00
Escargots 6 Pieces,38.00,376.58,,0.00,0.00,,0.00,0.00,0.00,0.00,38.00,376.58,,,4.03
FIRE,465.00,0.00,,0.00,0.00,,0.00,0.00,0.00,0.00,465.00,0.00,,,0.00
Hold,532.00,0.00,,0.00,0.00,,0.00,0.00,0.00,0.00,532.00,0.00,,,0.00
Poelee De Champignons,83.00,"1,046.87",,0.00,0.00,,0.00,0.00,0.00,0.00,83.00,"1,046.87",,,11.20
Salade De Lentilles,19.00,205.41,,0.00,0.00,,0.00,0.00,0.00,0.00,19.00,205.41,,,2.20
Soup A L'Oignon Gratinee,237.00,"1,921.60",,0.00,0.00,,0.00,0.00,0.00,0.00,237.00,"1,921.60",,,20.57
Soupe Du Jour,38.00,308.10,,0.00,0.00,,0.00,0.00,0.00,0.00,38.00,308.10,,,3.30
,,,,,,To Date: 31-Jan-2026,,,,,,,,,
14-Feb-26,,,From Date: 01-Jan-2026,,,,,,,,,,Page 25 of, 41,
Summary Of Sales by Items,,,,,,,,,,,,,,,
Description,Qty,Mode 1,,Qty,Mode 2,,Qty,Mode 3,Qty,Mode 4,Qty,Total Amount,,,%
Tartare De Saumon,30.00,540.54,,0.00,0.00,,0.00,0.00,0.00,0.00,30.00,540.54,,,5.79
Tarte Fine De Chevre Frais,29.00,313.52,,0.00,0.00,,0.00,0.00,0.00,0.00,29.00,313.52,,,3.36
Starters,"2,079.75","9,343.22",,0.00,0.00,,0.00,0.00,0.00,0.00,"2,079.75","9,343.22",,,11.43
Group: Weekday Lunch OFFER,,,,,,,,,,,,,,,
7up Lunch Offer,20.00,0.00,,0.00,0.00,,0.00,0.00,0.00,0.00,20.00,0.00,,,0.00
Boeuf Stroganoff,19.00,261.04,,0.00,0.00,,0.00,0.00,0.00,0.00,19.00,261.04,,,8.43
Couqley Steak Frites Lunch,113.00,"2,239.65",,0.00,0.00,,0.00,0.00,0.00,0.00,113.00,"2,239.65",,,72.31
Diet 7up Lunch Offer,18.00,0.00,,0.00,0.00,,0.00,0.00,0.00,0.00,18.00,0.00,,,0.00
Diet Pepsi Lunch Offer,38.00,0.00,,0.00,0.00,,0.00,0.00,0.00,0.00,38.00,0.00,,,0.00
Iced Tea Lunch Offer,1.00,0.00,,0.00,0.00,,0.00,0.00,0.00,0.00,1.00,0.00,,,0.00
Lunch Offer Sea Bass,2.00,55.86,,0.00,0.00,,0.00,0.00,0.00,0.00,2.00,55.86,,,1.80
Pepsi Lunch Offer,23.00,0.00,,0.00,0.00,,0.00,0.00,0.00,0.00,23.00,0.00,,,0.00
Pepsi Zero Lunch Offer,6.00,0.00,,0.00,0.00,,0.00,0.00,0.00,0.00,6.00,0.00,,,0.00
Poulet Frites Lunch,11.00,168.47,,0.00,0.00,,0.00,0.00,0.00,0.00,11.00,168.47,,,5.44
Poulet Frites Sandwich,4.00,50.45,,0.00,0.00,,0.00,0.00,0.00,0.00,4.00,50.45,,,1.63
Steak Frites Sandwich,21.00,321.62,,0.00,0.00,,0.00,0.00,0.00,0.00,21.00,321.62,,,10.38
Weekday Lunch OFFER,276.00,"3,097.09",,0.00,0.00,,0.00,0.00,0.00,0.00,276.00,"3,097.09",,,3.65
Food,"8,930.50","84,860.56",,0.00,0.00,,0.00,0.00,0.00,0.00,"8,930.50","84,860.56",,,98.42
Division: Non Alcoholic Beverages,,,,,,,,,,,,,,,
Group: Cold Drinks,,,,,,,,,,,,,,,
7up,22.00,59.47,,0.00,0.00,,0.00,0.00,0.00,0.00,22.00,59.47,,,1.39
Diet 7up,69.00,186.50,,0.00,0.00,,0.00,0.00,0.00,0.00,69.00,186.50,,,4.36
Diet Pepsi,312.00,837.87,,0.00,0.00,,0.00,0.00,0.00,0.00,312.00,837.87,,,19.58
,,,,,,To Date: 31-Jan-2026,,,,,,,,,
14-Feb-26,,,From Date: 01-Jan-2026,,,,,,,,,,Page 26 of, 41,
Summary Of Sales by Items,,,,,,,,,,,,,,,
Description,Qty,Mode 1,,Qty,Mode 2,,Qty,Mode 3,Qty,Mode 4,Qty,Total Amount,,,%
Iced Tea,34.00,91.90,,0.00,0.00,,0.00,0.00,0.00,0.00,34.00,91.90,,,2.15
Lemonade,21.00,66.21,,0.00,0.00,,0.00,0.00,0.00,0.00,21.00,66.21,,,1.55
Minted Frozen Lemonade,4.00,18.02,,0.00,0.00,,0.00,0.00,0.00,0.00,4.00,18.02,,,0.42
Non Alcoholic Cocktail,6.00,32.43,,0.00,0.00,,0.00,0.00,0.00,0.00,6.00,32.43,,,0.76
Orange Juice,23.00,82.89,,0.00,0.00,,0.00,0.00,0.00,0.00,23.00,82.89,,,1.94
Pepsi,61.00,164.88,,0.00,0.00,,0.00,0.00,0.00,0.00,61.00,164.88,,,3.85
Pepsi Zero,34.00,91.90,,0.00,0.00,,0.00,0.00,0.00,0.00,34.00,91.90,,,2.15
San Pellegrino Large,124.00,670.22,,0.00,0.00,,0.00,0.00,0.00,0.00,124.00,670.22,,,15.67
San Pellegrino Small,122.00,329.76,,0.00,0.00,,0.00,0.00,0.00,0.00,122.00,329.76,,,7.71
Soda,1.00,2.70,,0.00,0.00,,0.00,0.00,0.00,0.00,1.00,2.70,,,0.06
Tonic,4.00,10.81,,0.00,0.00,,0.00,0.00,0.00,0.00,4.00,10.81,,,0.25
Water Large,453.00,"1,632.61",,0.00,0.00,,0.00,0.00,0.00,0.00,453.00,"1,632.61",,,38.16
Cold Drinks,"1,290.00","4,278.16",,0.00,0.00,,0.00,0.00,0.00,0.00,"1,290.00","4,278.16",,,100.00
Group: Hot Drinks,,,,,,,,,,,,,,,
Cafe Blanc,13.00,23.42,,0.00,0.00,,0.00,0.00,0.00,0.00,13.00,23.42,,,7.16
Cappuccino,7.00,22.07,,0.00,0.00,,0.00,0.00,0.00,0.00,7.00,22.07,,,6.75
Espresso Decaf,5.00,11.26,,0.00,0.00,,0.00,0.00,0.00,0.00,5.00,11.26,,,3.44
Espresso Doppio,12.00,43.25,,0.00,0.00,,0.00,0.00,0.00,0.00,12.00,43.25,,,13.22
Espresso Intenso,76.00,171.17,,0.00,0.00,,0.00,0.00,0.00,0.00,76.00,171.17,,,52.34
Hot Chocolate,6.00,18.92,,0.00,0.00,,0.00,0.00,0.00,0.00,6.00,18.92,,,5.78
Latte,2.00,6.31,,0.00,0.00,,0.00,0.00,0.00,0.00,2.00,6.31,,,1.93
Tea,17.00,30.63,,0.00,0.00,,0.00,0.00,0.00,0.00,17.00,30.63,,,9.37
Hot Drinks,138.00,327.03,,0.00,0.00,,0.00,0.00,0.00,0.00,138.00,327.03,,,7.10
,,,,,,To Date: 31-Jan-2026,,,,,,,,,
14-Feb-26,,,From Date: 01-Jan-2026,,,,,,,,,,Page 27 of, 41,
Summary Of Sales by Items,,,,,,,,,,,,,,,
Description,Qty,Mode 1,,Qty,Mode 2,,Qty,Mode 3,Qty,Mode 4,Qty,Total Amount,,,%
Non Alcoholic Beverages,"1,428.00","4,605.19",,0.00,0.00,,0.00,0.00,0.00,0.00,"1,428.00","4,605.19",,,5.07
Division: Wine,,,,,,,,,,,,,,,
Group: By the Glass & Carafe,,,,,,,,,,,,,,,
Carafe Blanc de Blanc,11.00,148.65,,0.00,0.00,,0.00,0.00,0.00,0.00,11.00,148.65,,,3.40
Carafe Bordeaux Superieur,25.00,563.08,,0.00,0.00,,0.00,0.00,0.00,0.00,25.00,563.08,,,12.88
Carafe Entre 2 Mers White,6.00,145.94,,0.00,0.00,,0.00,0.00,0.00,0.00,6.00,145.94,,,3.34
Carafe House Wine Red,26.00,421.62,,0.00,0.00,,0.00,0.00,0.00,0.00,26.00,421.62,,,9.64
Carafe Kefraya Myst,7.00,88.29,,0.00,0.00,,0.00,0.00,0.00,0.00,7.00,88.29,,,2.02
Carafe Reve Blanc,5.00,67.57,,0.00,0.00,,0.00,0.00,0.00,0.00,5.00,67.57,,,1.55
Glass Blanc de Blanc,57.00,359.46,,0.00,0.00,,0.00,0.00,0.00,0.00,57.00,359.46,,,8.22
Glass Bordeaux Superieur,120.00,972.96,,0.00,0.00,,0.00,0.00,0.00,0.00,120.00,972.96,,,22.25
Glass Entre Deux Mers White,30.00,243.24,,0.00,0.00,,0.00,0.00,0.00,0.00,30.00,243.24,,,5.56
Glass House Wine Red,136.00,980.15,,0.00,0.00,,0.00,0.00,0.00,0.00,136.00,980.15,,,22.42
Glass Kefraya Myst,15.00,81.08,,0.00,0.00,,0.00,0.00,0.00,0.00,15.00,81.08,,,1.85
Glass Reve Blanc,11.00,69.37,,0.00,0.00,,0.00,0.00,0.00,0.00,11.00,69.37,,,1.59
Glass Sparkling Wine,32.00,230.63,,0.00,0.00,,0.00,0.00,0.00,0.00,32.00,230.63,,,5.28
By the Glass & Carafe,481.00,"4,372.03",,0.00,0.00,,0.00,0.00,0.00,0.00,481.00,"4,372.03",,,100.00
Group: Prosecco,,,,,,,,,,,,,,,
Martini Prosecco,2.00,50.45,,0.00,0.00,,0.00,0.00,0.00,0.00,2.00,50.45,,,100.00
Prosecco,2.00,50.45,,0.00,0.00,,0.00,0.00,0.00,0.00,2.00,50.45,,,1.14
Group: Red Wine - Europe,,,,,,,,,,,,,,,
I Heart Merlot 2023,2.00,63.06,,0.00,0.00,,0.00,0.00,0.00,0.00,2.00,63.06,,,32.11
Victoria Tournon Mathilda,2.00,133.33,,0.00,0.00,,0.00,0.00,0.00,0.00,2.00,133.33,,,67.89
,,,,,,To Date: 31-Jan-2026,,,,,,,,,
14-Feb-26,,,From Date: 01-Jan-2026,,,,,,,,,,Page 28 of, 41,
Summary Of Sales by Items,,,,,,,,,,,,,,,
Description,Qty,Mode 1,,Qty,Mode 2,,Qty,Mode 3,Qty,Mode 4,Qty,Total Amount,,,%
Red Wine - Europe,4.00,196.40,,0.00,0.00,,0.00,0.00,0.00,0.00,4.00,196.40,,,4.25
Group: Red Wine - France,,,,,,,,,,,,,,,
Clou Du Pin Bordeaux Superieur,3.00,127.03,,0.00,0.00,,0.00,0.00,0.00,0.00,3.00,127.03,,,19.97
CÔTES DU RHÔNE aprices d’Antoine 2023,6.00,302.70,,0.00,0.00,,0.00,0.00,0.00,0.00,6.00,302.70,,,47.59
Gigondas 2015,0.00,0.00,,0.00,0.00,,0.00,0.00,0.00,0.00,0.00,0.00,,,0.00
Haut-Medoc de Giscours,1.00,133.33,,0.00,0.00,,0.00,0.00,0.00,0.00,1.00,133.33,,,20.96
"Pinot Noir, Ropiteau",1.00,72.97,,0.00,0.00,,0.00,0.00,0.00,0.00,1.00,72.97,,,11.47
Red Wine - France,11.00,636.03,,0.00,0.00,,0.00,0.00,0.00,0.00,11.00,636.03,,,12.10
Group: Red Wine - Lebanon,,,,,,,,,,,,,,,
Altitudes Ixsir,29.00,862.17,,0.00,0.00,,0.00,0.00,0.00,0.00,29.00,862.17,,,51.34
Chateau Marsyas Red,1.00,67.57,,0.00,0.00,,0.00,0.00,0.00,0.00,1.00,67.57,,,4.02
Couqley By Iris Domain,9.00,259.46,,0.00,0.00,,0.00,0.00,0.00,0.00,9.00,259.46,,,15.45
Hochar,2.00,93.69,,0.00,0.00,,0.00,0.00,0.00,0.00,2.00,93.69,,,5.58
Ksara Cabernet Sauvignon,10.00,315.32,,0.00,0.00,,0.00,0.00,0.00,0.00,10.00,315.32,,,18.78
Litaj,1.00,41.44,,0.00,0.00,,0.00,0.00,0.00,0.00,1.00,41.44,,,2.47
Phoenician Gate,1.00,39.64,,0.00,0.00,,0.00,0.00,0.00,0.00,1.00,39.64,,,2.36
Red Wine - Lebanon,53.00,"1,679.29",,0.00,0.00,,0.00,0.00,0.00,0.00,53.00,"1,679.29",,,24.22
Group: Rose Wine,,,,,,,,,,,,,,,
Myst Rose,2.00,34.23,,0.00,0.00,,0.00,0.00,0.00,0.00,2.00,34.23,,,100.00
Rose Wine,2.00,34.23,,0.00,0.00,,0.00,0.00,0.00,0.00,2.00,34.23,,,0.49
Group: White Wine - Europe,,,,,,,,,,,,,,,
I Heart Sauvignon Blanc 2023,0.00,0.00,,0.00,0.00,,0.00,0.00,0.00,0.00,0.00,0.00,,,0.00
White Wine - Europe,0.00,0.00,,0.00,0.00,,0.00,0.00,0.00,0.00,0.00,0.00,,,0.00
,,,,,,,,,,,To Date: 31-Jan-2026,,,,,,,,,,,,,,
14-Feb-26,,,,,,From Date: 01-Jan-2026,,,,,,,,,,,,,,,,Page 29 of,, 41,
Summary Of Sales by Items,,,,,,,,,,,,,,,,,,,,,,,,,
Description,,,Qty,,Mode 1,,,Qty,,Mode 2,,,Qty,,Mode 3,Qty,Mode 4,,Qty,,Total Amount,,,,%
Group: White Wine - France,,,,,,,,,,,,,,,,,,,,,,,,,
"Entre 2 Mers, Chateau Martinon 2023 White",,,1.00,,42.34,,,0.00,,0.00,,,0.00,,0.00,0.00,0.00,,1.00,,42.34,,,,100.00
White Wine - France,,,1.00,,42.34,,,0.00,,0.00,,,0.00,,0.00,0.00,0.00,,1.00,,42.34,,,,0.60
Group: White Wine - Lebanon,,,,,,,,,,,,,,,,,,,,,,,,,
Adeenne Blanc,,,1.00,,26.13,,,0.00,,0.00,,,0.00,,0.00,0.00,0.00,,1.00,,26.13,,,,5.95
Altitudes Ixsir Lebanon,,,7.00,,201.80,,,0.00,,0.00,,,0.00,,0.00,0.00,0.00,,7.00,,201.80,,,,46.00
Blanc de Blanc Btl,,,9.00,,178.38,,,0.00,,0.00,,,0.00,,0.00,0.00,0.00,,9.00,,178.38,,,,40.66
Latourba Chardonnay,,,1.00,,32.43,,,0.00,,0.00,,,0.00,,0.00,0.00,0.00,,1.00,,32.43,,,,7.39
Musar Jeune,,,0.00,,0.00,,,0.00,,0.00,,,0.00,,0.00,0.00,0.00,,0.00,,0.00,,,,0.00
White Wine - Lebanon,,,18.00,,438.74,,,0.00,,0.00,,,0.00,,0.00,0.00,0.00,,18.00,,438.74,,,,5.89
Wine,,,572.00,,"7,449.52",,,0.00,,0.00,,,0.00,,0.00,0.00,0.00,,572.00,,"7,449.52",,,,7.58
Couqley dbayeh ⁠,,,"11,094.50",,"98,277.46",,,0.00,,0.00,,,0.00,,0.00,0.00,0.00,,"11,094.50",,"98,277.46",,,,
Summary Of Sales By Divisions,,,,,,,,,,,,,,,,,,,,,,,,,
Description,Qty,Mode 1,,Qty,,,Mode 2,,Qty,,,Mode 3,,Qty,,Mode 4,,Total Qty,,Total Amount,,,%,,
Branch Name: Couqley Gemayzeh,,,,,,,,,,,,,,,,,,,,,,,,,
Tables,,,,,,,,,,,,,,,,,,,,,,,,,
Alcoholic Beverages,262.00,"2,400.03",,0.00,,,0.00,,0.00,,,0.00,,0.00,,0.00,,262.00,,"2,400.03",,,1.86,,
Food,"11,060.25","110,006.24",,2.00,,,0.00,,0.00,,,0.00,,0.00,,0.00,,"11,062.25",,"110,006.24",,,85.39,,
Non Alcoholic Beverages,"1,905.00","6,304.79",,0.00,,,0.00,,0.00,,,0.00,,0.00,,0.00,,"1,905.00",,"6,304.79",,,4.89,,
Wine,688.65,"10,115.10",,0.00,,,0.00,,0.00,,,0.00,,0.00,,0.00,,688.65,,"10,115.10",,,7.85,,
Tables,"13,915.90","128,826.16",,2.00,,,0.00,,0.00,,,0.00,,0.00,,0.00,,"13,917.90",,"128,826.16",,,100.00,,
Couqley Gemayzeh,"13,915.90","128,826.16",,2.00,,,0.00,,0.00,,,0.00,,0.00,,0.00,,"13,917.90",,"128,826.16",,,100,,
,,,,,,,,,,,To Date: 31-Jan-2026,,,,,,,,,,,,,,,
14-Feb-26,,,,,,From Date: 01-Jan-2026,,,,,,,,,,,,,,,,Page 30 of,,, 41,
Summary Of Sales By Divisions,,,,,,,,,,,,,,,,,,,,,,,,,,
Description,Qty,Mode 1,,Qty,,,Mode 2,,Qty,,,Mode 3,,Qty,,Mode 4,,Total Qty,,Total Amount,,,,%,,
Branch Name: Couqley dbayeh ⁠,,,,,,,,,,,,,,,,,,,,,,,,,,
Tables,,,,,,,,,,,,,,,,,,,,,,,,,,
Alcoholic Beverages,164.00,"1,362.19",,0.00,,,0.00,,0.00,,,0.00,,0.00,,0.00,,164.00,,"1,362.19",,,,1.39,,
Food,"8,930.50","84,860.56",,0.00,,,0.00,,0.00,,,0.00,,0.00,,0.00,,"8,930.50",,"84,860.56",,,,86.35,,
Non Alcoholic Beverages,"1,428.00","4,605.19",,0.00,,,0.00,,0.00,,,0.00,,0.00,,0.00,,"1,428.00",,"4,605.19",,,,4.69,,
Wine,572.00,"7,449.52",,0.00,,,0.00,,0.00,,,0.00,,0.00,,0.00,,572.00,,"7,449.52",,,,7.58,,
Tables,"11,094.50","98,277.46",,0.00,,,0.00,,0.00,,,0.00,,0.00,,0.00,,"11,094.50",,"98,277.46",,,,100.00,,
Couqley dbayeh ⁠,"11,094.50","98,277.46",,0.00,,,0.00,,0.00,,,0.00,,0.00,,0.00,,"11,094.50",,"98,277.46",,,,100,,
Summary Of Sales By Categories,,,,,,,,,,,,,,,,,,,,,,,,,,
Description,,,Qty Mode 1,,Total Mode 1,,,Qty Mode 2,,Total Mode 2,,,Qty Mode 3,,Total Mode 3,,Qty Mode 4,,Total Mode 4,,Total ,,Total ,,,%
Branch Name: Couqley Gemayzeh,,,,,,,,,,,,,,,,,,,,,,,,,,
Tables,,,,,,,,,,,,,,,,,,,,,,,,,,
Restaurant Menu,,,"13,915.90",,"128,826.16",,,2.00,,0.00,,,0.00,,0.00,,0.00,,0.00,,"13,917.",,"128,826.16",,,100.
Tables,,,"13,915.90",,"128,826.16",,,2.00,,0.00,,,0.00,,0.00,,0.00,,0.00,,"13,917.",,"128,826.16",,,100.
Couqley Gemayzeh,,,"13,915.90",,"128,826.16",,,2.00,,0.00,,,0.00,,0.00,,0.00,,0.00,,"13,917.",,"128,826.16",,,
Branch Name: Couqley dbayeh ⁠,,,,,,,,,,,,,,,,,,,,,,,,,,
Tables,,,,,,,,,,,,,,,,,,,,,,,,,,
Restaurant Menu,,,"11,094.50",,"98,277.46",,,0.00,,0.00,,,0.00,,0.00,,0.00,,0.00,,"11,094.",,"98,277.46",,,100.
Tables,,,"11,094.50",,"98,277.46",,,0.00,,0.00,,,0.00,,0.00,,0.00,,0.00,,"11,094.",,"98,277.46",,,100.
Couqley dbayeh ⁠,,,"11,094.50",,"98,277.46",,,0.00,,0.00,,,0.00,,0.00,,0.00,,0.00,,"11,094.",,"98,277.46",,,
,,,,To Date: 31-Jan-2026,,,,,
14-Feb-26,,From Date: 01-Jan-2026,,,,,,Page 31 of, 41
Summary of Discounts,,,,,,,,,
Description,Mode 1 ,,Mode 2,,Mode 3,Mode 4,Total,,
Couqley Gemayzeh,,,,,,,,,
Alcohol Partner,311.71,,0.00,,0.00,0.00,311.71,,
Business Developement,36.04,,0.00,,0.00,0.00,36.04,,
CEO,307.21,,0.00,,0.00,0.00,307.21,,
Complimentary Item,374.34,,0.00,,0.00,0.00,374.34,,
Friends And Family,237.12,,0.00,,0.00,0.00,237.12,,
Ladies  Night,284.50,,0.00,,0.00,0.00,284.50,,
Marketing,526.13,,0.00,,0.00,0.00,526.13,,
Partner Discount,218.11,,0.00,,0.00,0.00,218.11,,
Promotional Partner,564.59,,0.00,,0.00,0.00,564.59,,
Quality Control,546.85,,0.00,,0.00,0.00,546.85,,
Set Menu Discount,"1,121.62",,0.00,,0.00,0.00,"1,121.62",,
Staff And Neighbors,16.89,,0.00,,0.00,0.00,16.89,,
Total By Branch,"4,545.11",,0.00,,,0.00,"4,545.11",,
,,,,,0.00,,,,
Couqley dbayeh ⁠,,,,,,,,,
Alcohol Partner,58.56,,0.00,,0.00,0.00,58.56,,
Business Developement,10.81,,0.00,,0.00,0.00,10.81,,
Complimentary Item,376.10,,0.00,,0.00,0.00,376.10,,
Friends And Family,84.28,,0.00,,0.00,0.00,84.28,,
Ladies  Night,219.81,,0.00,,0.00,0.00,219.81,,
Marketing,322.98,,0.00,,0.00,0.00,322.98,,
Partner Discount,30.14,,0.00,,0.00,0.00,30.14,,
Promotional Partner,277.23,,0.00,,0.00,0.00,277.23,,
,,,,,,,,To Date: 31-Jan-2026,,,,,,,,
14-Feb-26,,,,From Date: 01-Jan-2026,,,,,,,,,,,Page 32 of, 41
Summary of Discounts,,,,,,,,,,,,,,,,
Description,,,Mode 1 ,,,Mode 2,,,Mode 3,,Mode 4,,Total,,,
Quality Control,,,13.96,,,0.00,,,0.00,,0.00,,13.96,,,
Waste,,,18.47,,,0.00,,,0.00,,0.00,,18.47,,,
Total By Branch,,,"1,412.35",,,0.00,,,,,0.00,,"1,412.35",,,
,,,,,,,,,0.00,,,,,,,
Tax Report,,,,,,,,,,,,,,,,
TAX DESCRIPTION,VAT 11 %,Tax 2,,,Tax 3,,Tax 4,,,Tax 5,,Service,,Total,,
Branch Name:  Couqley Gemayzeh,,,,,,,,,,,,,,,,
,932.68,0.00,,,0.00,,0.00,,,0.00,,0.00,,932.68,,
Total By Branch,932.68,0.00,,,0.00,,0.00,,,0.00,,0.00,,932.68,,
Branch Name:  Couqley dbayeh ⁠,,,,,,,,,,,,,,,,
,"1,564.70",0.00,,,0.00,,0.00,,,0.00,,0.00,,"1,564.70",,
Total By Branch,"1,564.70",0.00,,,0.00,,0.00,,,0.00,,0.00,,"1,564.70",,
Branch Name:  Couqley Gemayzeh,,,,,,,,,,,,,,,,
,755.10,0.00,,,0.00,,0.00,,,0.00,,0.00,,755.10,,
Total By Branch,755.10,0.00,,,0.00,,0.00,,,0.00,,0.00,,755.10,,
Branch Name:  Couqley dbayeh ⁠,,,,,,,,,,,,,,,,
,800.15,0.00,,,0.00,,0.00,,,0.00,,0.00,,800.15,,
Total By Branch,800.15,0.00,,,0.00,,0.00,,,0.00,,0.00,,800.15,,
Branch Name:  Couqley Gemayzeh,,,,,,,,,,,,,,,,
,"1,581.70",0.00,,,0.00,,0.00,,,0.00,,0.00,,"1,581.70",,
Total By Branch,"1,581.70",0.00,,,0.00,,0.00,,,0.00,,0.00,,"1,581.70",,
Branch Name:  Couqley dbayeh ⁠,,,,,,,,,,,,,,,,
,686.19,0.00,,,0.00,,0.00,,,0.00,,0.00,,686.19,,
Total By Branch,686.19,0.00,,,0.00,,0.00,,,0.00,,0.00,,686.19,,
,,,,,,To Date: 31-Jan-2026,,,,,
14-Feb-26,,,From Date: 01-Jan-2026,,,,,,,Page 33 of, 41
Tax Report,,,,,,,,,,,
TAX DESCRIPTION,VAT 11 %,Tax 2,,Tax 3,Tax 4,,Tax 5,Service,Total,,
Branch Name:  Couqley Gemayzeh,,,,,,,,,,,
,451.83,0.00,,0.00,0.00,,0.00,0.00,451.83,,
Total By Branch,451.83,0.00,,0.00,0.00,,0.00,0.00,451.83,,
Branch Name:  Couqley dbayeh ⁠,,,,,,,,,,,
,300.81,0.00,,0.00,0.00,,0.00,0.00,300.81,,
Total By Branch,300.81,0.00,,0.00,0.00,,0.00,0.00,300.81,,
Branch Name:  Couqley Gemayzeh,,,,,,,,,,,
,381.03,0.00,,0.00,0.00,,0.00,0.00,381.03,,
Total By Branch,381.03,0.00,,0.00,0.00,,0.00,0.00,381.03,,
Branch Name:  Couqley dbayeh ⁠,,,,,,,,,,,
,187.30,0.00,,0.00,0.00,,0.00,0.00,187.30,,
Total By Branch,187.30,0.00,,0.00,0.00,,0.00,0.00,187.30,,
Branch Name:  Couqley Gemayzeh,,,,,,,,,,,
,667.76,0.00,,0.00,0.00,,0.00,0.00,667.76,,
Total By Branch,667.76,0.00,,0.00,0.00,,0.00,0.00,667.76,,
Branch Name:  Couqley dbayeh ⁠,,,,,,,,,,,
,549.36,0.00,,0.00,0.00,,0.00,0.00,549.36,,
Total By Branch,549.36,0.00,,0.00,0.00,,0.00,0.00,549.36,,
Branch Name:  Couqley Gemayzeh,,,,,,,,,,,
,657.69,0.00,,0.00,0.00,,0.00,0.00,657.69,,
Total By Branch,657.69,0.00,,0.00,0.00,,0.00,0.00,657.69,,
Branch Name:  Couqley dbayeh ⁠,,,,,,,,,,,
,548.01,0.00,,0.00,0.00,,0.00,0.00,548.01,,
,,,,,,To Date: 31-Jan-2026,,,,,
14-Feb-26,,,From Date: 01-Jan-2026,,,,,,,Page 34 of, 41
Tax Report,,,,,,,,,,,
TAX DESCRIPTION,VAT 11 %,Tax 2,,Tax 3,Tax 4,,Tax 5,Service,Total,,
Total By Branch,548.01,0.00,,0.00,0.00,,0.00,0.00,548.01,,
Branch Name:  Couqley Gemayzeh,,,,,,,,,,,
,742.26,0.00,,0.00,0.00,,0.00,0.00,742.26,,
Total By Branch,742.26,0.00,,0.00,0.00,,0.00,0.00,742.26,,
Branch Name:  Couqley dbayeh ⁠,,,,,,,,,,,
,534.81,0.00,,0.00,0.00,,0.00,0.00,534.81,,
Total By Branch,534.81,0.00,,0.00,0.00,,0.00,0.00,534.81,,
Branch Name:  Couqley Gemayzeh,,,,,,,,,,,
,514.95,0.00,,0.00,0.00,,0.00,0.00,514.95,,
Total By Branch,514.95,0.00,,0.00,0.00,,0.00,0.00,514.95,,
Branch Name:  Couqley dbayeh ⁠,,,,,,,,,,,
,38.60,0.00,,0.00,0.00,,0.00,0.00,38.60,,
Total By Branch,38.60,0.00,,0.00,0.00,,0.00,0.00,38.60,,
Branch Name:  Couqley Gemayzeh,,,,,,,,,,,
,212.73,0.00,,0.00,0.00,,0.00,0.00,212.73,,
Total By Branch,212.73,0.00,,0.00,0.00,,0.00,0.00,212.73,,
Branch Name:  Couqley dbayeh ⁠,,,,,,,,,,,
,272.97,0.00,,0.00,0.00,,0.00,0.00,272.97,,
Total By Branch,272.97,0.00,,0.00,0.00,,0.00,0.00,272.97,,
Branch Name:  Couqley Gemayzeh,,,,,,,,,,,
,586.66,0.00,,0.00,0.00,,0.00,0.00,586.66,,
Total By Branch,586.66,0.00,,0.00,0.00,,0.00,0.00,586.66,,
Branch Name:  Couqley dbayeh ⁠,,,,,,,,,,,
,,,,,,To Date: 31-Jan-2026,,,,,
14-Feb-26,,,From Date: 01-Jan-2026,,,,,,,Page 35 of, 41
Tax Report,,,,,,,,,,,
TAX DESCRIPTION,VAT 11 %,Tax 2,,Tax 3,Tax 4,,Tax 5,Service,Total,,
,667.89,0.00,,0.00,0.00,,0.00,0.00,667.89,,
Total By Branch,667.89,0.00,,0.00,0.00,,0.00,0.00,667.89,,
Branch Name:  Couqley Gemayzeh,,,,,,,,,,,
,"1,201.54",0.00,,0.00,0.00,,0.00,0.00,"1,201.54",,
Total By Branch,"1,201.54",0.00,,0.00,0.00,,0.00,0.00,"1,201.54",,
Branch Name:  Couqley dbayeh ⁠,,,,,,,,,,,
,950.06,0.00,,0.00,0.00,,0.00,0.00,950.06,,
Total By Branch,950.06,0.00,,0.00,0.00,,0.00,0.00,950.06,,
Branch Name:  Couqley Gemayzeh,,,,,,,,,,,
,560.59,0.00,,0.00,0.00,,0.00,0.00,560.59,,
Total By Branch,560.59,0.00,,0.00,0.00,,0.00,0.00,560.59,,
Branch Name:  Couqley dbayeh ⁠,,,,,,,,,,,
,153.60,0.00,,0.00,0.00,,0.00,0.00,153.60,,
Total By Branch,153.60,0.00,,0.00,0.00,,0.00,0.00,153.60,,
Branch Name:  Couqley Gemayzeh,,,,,,,,,,,
,325.44,0.00,,0.00,0.00,,0.00,0.00,325.44,,
Total By Branch,325.44,0.00,,0.00,0.00,,0.00,0.00,325.44,,
Branch Name:  Couqley dbayeh ⁠,,,,,,,,,,,
,334.74,0.00,,0.00,0.00,,0.00,0.00,334.74,,
Total By Branch,334.74,0.00,,0.00,0.00,,0.00,0.00,334.74,,
Branch Name:  Couqley Gemayzeh,,,,,,,,,,,
,490.91,0.00,,0.00,0.00,,0.00,0.00,490.91,,
Total By Branch,490.91,0.00,,0.00,0.00,,0.00,0.00,490.91,,
,,,,,,To Date: 31-Jan-2026,,,,,
14-Feb-26,,,From Date: 01-Jan-2026,,,,,,,Page 36 of, 41
Tax Report,,,,,,,,,,,
TAX DESCRIPTION,VAT 11 %,Tax 2,,Tax 3,Tax 4,,Tax 5,Service,Total,,
Branch Name:  Couqley dbayeh ⁠,,,,,,,,,,,
,521.84,0.00,,0.00,0.00,,0.00,0.00,521.84,,
Total By Branch,521.84,0.00,,0.00,0.00,,0.00,0.00,521.84,,
Branch Name:  Couqley Gemayzeh,,,,,,,,,,,
,"1,202.08",0.00,,0.00,0.00,,0.00,0.00,"1,202.08",,
Total By Branch,"1,202.08",0.00,,0.00,0.00,,0.00,0.00,"1,202.08",,
Branch Name:  Couqley dbayeh ⁠,,,,,,,,,,,
,894.95,0.00,,0.00,0.00,,0.00,0.00,894.95,,
Total By Branch,894.95,0.00,,0.00,0.00,,0.00,0.00,894.95,,
Branch Name:  Couqley Gemayzeh,,,,,,,,,,,
,404.77,0.00,,0.00,0.00,,0.00,0.00,404.77,,
Total By Branch,404.77,0.00,,0.00,0.00,,0.00,0.00,404.77,,
Branch Name:  Couqley dbayeh ⁠,,,,,,,,,,,
,140.44,0.00,,0.00,0.00,,0.00,0.00,140.44,,
Total By Branch,140.44,0.00,,0.00,0.00,,0.00,0.00,140.44,,
Branch Name:  Couqley Gemayzeh,,,,,,,,,,,
,132.47,0.00,,0.00,0.00,,0.00,0.00,132.47,,
Total By Branch,132.47,0.00,,0.00,0.00,,0.00,0.00,132.47,,
Branch Name:  Couqley dbayeh ⁠,,,,,,,,,,,
,192.16,0.00,,0.00,0.00,,0.00,0.00,192.16,,
Total By Branch,192.16,0.00,,0.00,0.00,,0.00,0.00,192.16,,
Branch Name:  Couqley Gemayzeh,,,,,,,,,,,
,351.63,0.00,,0.00,0.00,,0.00,0.00,351.63,,
,,,,,,To Date: 31-Jan-2026,,,,,
14-Feb-26,,,From Date: 01-Jan-2026,,,,,,,Page 37 of, 41
Tax Report,,,,,,,,,,,
TAX DESCRIPTION,VAT 11 %,Tax 2,,Tax 3,Tax 4,,Tax 5,Service,Total,,
Total By Branch,351.63,0.00,,0.00,0.00,,0.00,0.00,351.63,,
Branch Name:  Couqley dbayeh ⁠,,,,,,,,,,,
,101.03,0.00,,0.00,0.00,,0.00,0.00,101.03,,
Total By Branch,101.03,0.00,,0.00,0.00,,0.00,0.00,101.03,,
Branch Name:  Couqley Gemayzeh,,,,,,,,,,,
,373.41,0.00,,0.00,0.00,,0.00,0.00,373.41,,
Total By Branch,373.41,0.00,,0.00,0.00,,0.00,0.00,373.41,,
Branch Name:  Couqley dbayeh ⁠,,,,,,,,,,,
,694.42,0.00,,0.00,0.00,,0.00,0.00,694.42,,
Total By Branch,694.42,0.00,,0.00,0.00,,0.00,0.00,694.42,,
Branch Name:  Couqley Gemayzeh,,,,,,,,,,,
,514.75,0.00,,0.00,0.00,,0.00,0.00,514.75,,
Total By Branch,514.75,0.00,,0.00,0.00,,0.00,0.00,514.75,,
Branch Name:  Couqley dbayeh ⁠,,,,,,,,,,,
,521.11,0.00,,0.00,0.00,,0.00,0.00,521.11,,
Total By Branch,521.11,0.00,,0.00,0.00,,0.00,0.00,521.11,,
Branch Name:  Couqley Gemayzeh,,,,,,,,,,,
,628.95,0.00,,0.00,0.00,,0.00,0.00,628.95,,
Total By Branch,628.95,0.00,,0.00,0.00,,0.00,0.00,628.95,,
,,,To Date: 31-Jan-2026,,,,,,
14-Feb-26,From Date: 01-Jan-2026,,,,,,,Page 38 of, 41
Statistics,,,,,,,,,
Description,,Mode 1,,Mode 2,Mode 3,Mode 4,Total,,
Couqley Gemayzeh,,,,,,,,,
Tables,,,,,,,,,
Gross Sales,,"142,497.09",,0.00,0.00,0.00,"142,497.09",,
Tax,,"13,670.92",,0.00,0.00,0.00,"13,670.92",,
Service,,0.00,,0.00,0.00,0.00,0.00,,
Discount,,"4,545.11",,0.00,0.00,0.00,"4,545.11",,
Net Sales,,"137,951.97",,0.00,0.00,0.00,"137,951.97",,
Number of Customers,,3094,,1,0,0,3095,,
Consolidation by branch,,,,,,,,,
Gross Sales,,"142,497.09",,0.00,0.00,0.00,"142,497.09",,
Tax,,"13,670.92",,0.00,0.00,0.00,"13,670.92",,
Service,,0.00,,0.00,0.00,0.00,0.00,,
Discount,,"4,545.11",,0.00,0.00,0.00,"4,545.11",,
Net Sales,,"137,951.97",,0.00,0.00,0.00,"137,951.97",,
Number of Customers,,,,,,,,,
,,3094,,1,0,0,3095,,
Couqley dbayeh ⁠,,,,,,,,,
Tables,,,,,,,,,
Gross Sales,,"108,932.62",,0.00,0.00,0.00,"108,932.62",,
Tax,,"10,655.16",,0.00,0.00,0.00,"10,655.16",,
Service,,0.00,,0.00,0.00,0.00,0.00,,
Discount,,"1,412.35",,0.00,0.00,0.00,"1,412.35",,
Net Sales,,"107,520.27",,0.00,0.00,0.00,"107,520.27",,
Number of Customers,,2596,,0,0,0,2596,,
,,,,,,,To Date: 31-Jan-2026,,,,,,,,,,
14-Feb-26,,,From Date: 01-Jan-2026,,,,,,,,,,,,Page 39 of,, 41
Statistics,,,,,,,,,,,,,,,,,
Description,,,,,Mode 1,,,Mode 2,,Mode 3,,Mode 4,,Total,,,
Consolidation by branch,,,,,,,,,,,,,,,,,
Gross Sales,,,,,"108,932.62",,,0.00,,0.00,,0.00,,"108,932.62",,,
Tax,,,,,"10,655.16",,,0.00,,0.00,,0.00,,"10,655.16",,,
Service,,,,,0.00,,,0.00,,0.00,,0.00,,0.00,,,
Discount,,,,,"1,412.35",,,0.00,,0.00,,0.00,,"1,412.35",,,
Net Sales,,,,,"107,520.27",,,0.00,,0.00,,0.00,,"107,520.27",,,
Number of Customers,,,,,,,,,,,,,,,,,
,,,,,2596,,,0,,0,,0,,2596,,,
Summary of Servers,,,,,,,,,,,,,,,,,
ID,Server Name,Total,,Sales,,Discount,,,Tax,,Service,,Cust #,,,Avg. Cust,
Branch: Couqley dbayeh ⁠,,,,,,,,,,,,,,,,,
6.0,Ali,"68,831.46",,"62,921.90",,911.56,,,"6,821.13",,0.00,,1599,,,43.05,
5.0,Luiji,"17,938.44",,"16,280.71",,119.96,,,"1,777.69",,0.00,,447,,,40.13,
7.0,Marc,737.25,,664.19,,0.00,,,73.06,,0.00,,17,,,43.37,
4.0,Omar,"19,974.62",,"18,375.97",,380.82,,,"1,979.47",,0.00,,532,,,37.55,
2.0,Rana,38.50,,34.69,,0.00,,,3.81,,0.00,,1,,,38.50,
Total By Branch:,,"107,520.27",,"98,277.46",,"1,412.35",,,"10,655.16",,0.00,,2596,,,41.42,
Branch: Couqley Gemayzeh,,,,,,,,,,,,,,,,,
10.0,Antoine,"1,889.96",,"1,714.19",,11.53,,,187.29,,0.00,,40,,,47.25,
4.0,Hassan,"81,497.85",,"75,984.66",,"2,563.18",,,"8,076.37",,0.00,,1783,,,45.71,
6.0,Marc,"23,053.82",,"20,935.21",,166.00,,,"2,284.62",,0.00,,502,,,45.92,
2.0,Rana,"7,397.18",,"6,832.23",,168.11,,,733.05,,0.00,,165,,,44.83,
8.0,Yasser,"24,113.17",,"23,359.88",,"1,636.30",,,"2,389.59",,0.00,,605,,,39.86,
,,,,,,,,To Date: 31-Jan-2026,,,,,,,,,
14-Feb-26,,,From Date: 01-Jan-2026,,,,,,,,,,,,Page 40 of,, 41
Summary of Servers,,,,,,,,,,,,,,,,,
ID,Server Name,Total,,Sales,,Discount,,,Tax,,Service,,Cust #,,,Avg. Cust,
Total By Branch:,,"137,951.97",,"128,826.16",,"4,545.11",,,"13,670.92",,0.00,,3095,,,44.57,
Summary of Payments,,,,,,,,,,,,,,,,,
Description,,,,,Mode 1,,Mode 2,,,Mode 3,,Mode 4,,Total,,,
Couqley Gemayzeh,,,,,,,,,,,,,,,,,
Tables,,,,,,,,,,,,,,,,,
Cash $,,,,,"121,601.88",,0.00,,,0.00,,0.00,,"121,601.88",,,
Gozilla,,,,,716.75,,0.00,,,0.00,,0.00,,716.75,,,
Master Card,,,,,452.50,,0.00,,,0.00,,0.00,,452.50,,,
Toters,,,,,"15,180.50",,0.00,,,0.00,,0.00,,"15,180.50",,,
Tables,,,,,"137,951.63",,0.00,,,0.00,,0.00,,"137,951.63",,,
Total By Branch:,,,,,"137,951.63",,0.00,,,0.00,,0.00,,"137,951.63",,,
Couqley dbayeh ⁠,,,,,,,,,,,,,,,,,
Tables,,,,,,,,,,,,,,,,,
Cash $,,,,,"101,757.51",,0.00,,,0.00,,0.00,,"101,757.51",,,
Cash LL,,,,,28.93,,0.00,,,0.00,,0.00,,28.93,,,
Toters,,,,,"5,733.50",,0.00,,,0.00,,0.00,,"5,733.50",,,
Tables,,,,,"107,519.94",,0.00,,,0.00,,0.00,,"107,519.94",,,
Total By Branch:,,,,,"107,519.94",,0.00,,,0.00,,0.00,,"107,519.94",,,
,,,,To Date: 31-Jan-2026,,,,
14-Feb-26,,,From Date: 01-Jan-2026,,,,Page 41 of, 41
Tips,,,,,,,,
Invoice Number,,Date,,,Amount,	TIP,,
Branch: Couqley Gemayzeh,,,,,,,,
Employee Name: Hassan,,,,,,,,
109335,,2026-01-07 21:48:31,,,377.50,22.50,,
,,Total By Employee:,,,377.50,22.50,,
,,Total By Branch:,,,377.50,22.50,,
,,Total:,,,377.50,22.50,,
REP_S_00001,"Copyright © 2026 Omega Software, Inc. All Rights Reserved.",,,,,,www.omegapos.com,
<div style='background-color:white;border: 2px solid #eee; padding:10px 20px'><div style='text-align: center; border-bottom: 1px solid #eee; padding: 10px 0px 20px 0px; color: #4d5b76; font-size: xx-large;'>Error Occured</div><br><div style='line-height: 30px;'>Cannot modify header information - headers already sent by (output started at /var/www/html/cmsomegasoftware/public_html/app/Http/Controllers/ReportsController.php:2684)</div><footer style='margin-top: 30px; padding: 10px 0; border-top: 1px solid #eee; text-align: center;color:#4d5b76'><div style='font-size: 14px;'>&copy; 2026 Omega Software. All rights reserved.</div></footer></div>